"title","platform","year","genre","status","score","youtube"
"SUPER MARIO BROS","NINTENDINHO","1985","PLATAFORMA","ZERADO","6,8","https://youtu.be/_nMKNP7Wrws?si=1ydZ-9j8xUn1dj8G"
"THE LEGEND OF ZELDA","NINTENDINHO","1986","RPG","ZERADO","8,3","https://youtu.be/J_Ja6LVZTbY?si=AEISfc9YfBedcN6D"
"BLACK BELT","MASTER SYSTEM","1986","BEAT 'EM UP","ZERADO","7","https://youtu.be/nkYD00tTcSU?si=OHr4xGTMaQR9TmEt"
"KID ICARUS","NINTENDINHO","1986","PLATAFORMA","ZERADO","7,2","https://youtu.be/DNhvk7p-wmo?si=voLDvz51BwARHY67"
"ALEX KIDD IN MIRACLE WORLD","MASTER SYSTEM","1986","PLATAFORMA","ZERADO","6,5","https://youtu.be/xinH-983uHI?si=uNfoZENHp3Io914-"
"FANTASY ZONE 1","MASTER SYSTEM","1986","SHOOT 'EM UP","NÃO ZERADO","2","https://youtu.be/w4AiZ1i8Fmw?si=Wqpzig09ob1FLBG1"
"METROID","NINTENDINHO","1986","AÇÃO","NÃO ZERADO","7,5","https://youtu.be/87gq3yyQiys?si=nURQ4xHN5RO3LGdo"
"ADVENTURE ISLAND","NINTENDINHO","1986","PLATAFORMA","NÃO ZERADO","6","https://youtu.be/ngB0MLH6hdk?si=uxvBcmXhX-jIaX-C"
"PHANTASY STAR 1","MASTER SYSTEM","1987","RPG","ZERADO","10","https://youtu.be/eLLuEf6pEio?si=63eJaZ0wKhTFOUB2"
"CASTLEVANIA","NINTENDINHO","1987","AÇÃO","ZERADO","7,6","https://youtu.be/WUoDHeUFG74?si=A5XYTyW201u2EVs5"
"CALIFORNIA GAMES (JOGOS DE VERÃO)","MASTER SYSTEM","1987","ESPORTE","ZERADO","9,5","https://youtu.be/jLrBRTBpyWc?si=drYU_UiaxRRKOO0i"
"GREAT VOLLEYBALL","MASTER SYSTEM","1987","ESPORTE","NÃO ZERADO","4,9","https://youtu.be/g2QyQqwWLmQ?si=gksm36C043Jx32Fr"
"ZELDA II: THE ADVENTURE OF LINK","NINTENDINHO","1987","RPG","NÃO ZERADO","3,3","https://youtu.be/gmojyokNuKo?si=J9vRr8ZHoBCfH12U"
"ZILLION","MASTER SYSTEM","1987","PLATAFORMA","ZERADO","6,8","https://youtu.be/1xaL_ZoGito?si=3q3u9FxavNQXHCuc"
"AFTER BURNER","MASTER SYSTEM","1987","SHOOT 'EM UP","NÃO ZERADO","4,9","https://youtu.be/OvjTNLX0OkY?si=yVc9dIshDXeoPVJ7"
"CASTLEVANIA II: SIMON'S QUEST","NINTENDINHO","1987","ACTION RPG","NÃO ZERADO","4","https://youtu.be/UTTR3q2BV78?si=m3wsgE_Lz4ic5Xoj"
"METAL GEAR","NINTENDINHO","1987","AÇÃO","NÃO ZERADO","7,4","https://youtu.be/WJHkoCiOw8Q?si=MxZzY9PFa-YxYkfk"
"ROCKY","MASTER SYSTEM","1987","LUTA","ZERADO","5,5","https://youtu.be/b9N1RIdOT8k?si=Zz0sFseMgiP4wHsM"
"FINAL FANTASY 1","NINTENDINHO","1987","RPG","ZERADO","7,4","https://youtu.be/1-7m6h9cGJI?si=VbKN9qAGtFPN_2H1"
"MIKE TYSON'S PUNCH-OUT!!","NINTENDINHO","1987","LUTA","NÃO ZERADO","9","https://youtu.be/tNI73w_RCEw?si=RhsRd0NQKlWqLejr"
"RASTAN","ARCADE","1987","PLATAFORMA","ZERADO","7,5","https://youtu.be/JFjeEvRh-8E?si=94jWK0tNZ0wNbIwO"
"MEGA MAN 1","NINTENDINHO","1987","PLATAFORMA","NÃO ZERADO","3","https://youtu.be/Rxwuo5OSN0E?si=UgZucLHX_zTv6HTE"
"CONTRA","NINTENDINHO","1987","RUN AND GUN","ZERADO","7,3","https://youtu.be/_2QdcRqHUIY?si=4mUq7nEbEWpejkp5"
"SHINOBI","MASTER SYSTEM","1987","PLATAFORMA","ZERADO","7","https://youtu.be/YhNPzgmI3XY?si=-aJ1MeWwCBzeiTcw"
"KENSEIDEN","MASTER SYSTEM","1988","PLATAFORMA","ZERADO","5","https://youtu.be/FZpLPTiwszs?si=QXQSs3fyYR_dc_ks"
"ALEX KIDD: THE LOST STARS","MASTER SYSTEM","1988","PLATAFORMA","ZERADO","4","https://youtu.be/YlgN0SN-j2g?si=ZOba_8v9EuWP5LME"
"NINJA GAIDEN","NINTENDINHO","1988","HACK AND SLASH","ZERADO","7,65","https://youtu.be/bzKsgYy-YO4?si=NcLjzC_AbC4a3ypR"
"RAMPAGE","MASTER SYSTEM","1988","AÇÃO","ZERADO","7,3","https://youtu.be/7VDLfyCwOOg?si=TEDMIYcJb50r1Z7V"
"FINAL FANTASY 2","NINTENDINHO","1988","RPG","NÃO ZERADO","4","https://youtu.be/_yTWyqNJE0I?si=X6ageSbLoxJsIgSm"
"BIONIC COMMANDO","NINTENDINHO","1988","PLATAFORMA","ZERADO","6,5","https://youtu.be/7NxUA_o2uvg?si=0Zd3EhZafmqPlt4u"
"THE LEGENDARY AXE","PC ENGINE","1988","PLATAFORMA","ZERADO","8,2","https://youtu.be/rJ8yI6PW7A4?si=YLEXZIFixXLTnooR"
"GOLVELLIUS - VALLEY OF DOOM","MASTER SYSTEM","1988","ACTION RPG","ZERADO","7,4","https://youtu.be/Wn7PNDn9lDE?si=MPUX7MkU2cd__RDX"
"DOUBLE DRAGON","MASTER SYSTEM","1988","BEAT 'EM UP","ZERADO","7,3","https://youtu.be/sM-ygS10rOA?si=MLqG01sT7mbVcoGq"
"ALIEN CRUSH","PC ENGINE","1988","PINBALL","ZERADO","7,5","https://youtu.be/z6AQbar351Q?si=59tWsn9Y4LcqZuE-"
"SUPER MARIO BROS. 2","NINTENDINHO","1988","PLATAFORMA","ZERADO","6","https://youtu.be/1nyEuCtMoWk?si=6i14r4pQvT3p6f1I"
"NINJA SPIRIT","PC ENGINE","1988","PLATAFORMA","ZERADO","7,3","https://youtu.be/qKYjN3cNpjU?si=6PXHfId9u1vp8sLk"
"MEGA MAN 2","NINTENDINHO","1988","PLATAFORMA","ZERADO","8,1","https://youtu.be/USloNEtZOwg?si=zsNBbJktFUN_Avvo"
"LORD OF THE SWORD","MASTER SYSTEM","1988","ACTION RPG","NÃO ZERADO","3,5","https://youtu.be/Rz54O2qYnGY?si=sZyx0utmNBAkRjXI"
"SUPER MARIO BROS. 3","NINTENDINHO","1988","PLATAFORMA","ZERADO","9,6","https://youtu.be/eXkM5e-n85g?si=13Fiy_wDp25CKnUw"
"ALTERED BEAST","MEGA DRIVE","1988","BEAT 'EM UP","ZERADO","7,9","https://youtu.be/VnAdTwhFY_A?si=gh7MpdC6SWzZNSly"
"GALAXY FORCE","MASTER SYSTEM","1989","SHOOT 'EM UP","ZERADO","4,9",""
"WEIRD DREAMS","AMIGA","1989","SURVIVAL HORROR","NÃO ZERADO","2",""
"ALEX KIDD IN THE ENCHANTED CASTLE","MEGA DRIVE","1989","PLATAFORMA","ZERADO","7,25",""
"POPULOUS","STEAM/PC","1989","SIMULAÇÃO","","",""
"PHANTASY STAR 2","MEGA DRIVE","1989","RPG","","",""
"BONK'S ADVENTURE","PC ENGINE","1989","PLATAFORMA","ZERADO","4,5",""
"SUPER MARIO LAND","GAME BOY","1989","PLATAFORMA","ZERADO","7,25",""
"CASTLEVANIA III: DRACULA'S CURSE","NINTENDINHO","1989","ACTION RPG","NÃO ZERADO","5","https://youtu.be/YNnqVAMSlOA?si=TczTylQIg7k4Yb5p"
"TETRIS","GAME BOY","1989","PUZZLE","NÃO ZERADO","8,17",""
"DUCKTALES","NINTENDINHO","1989","PLATAFORMA","ZERADO","8",""
"CYBER CROSS","PC ENGINE","1989","BEAT 'EM UP","ZERADO","5",""
"THE REVENGE OF SHINOBI","MEGA DRIVE","1989","BEAT 'EM UP","NÃO ZERADO","7,3",""
"SWORD OF VERMILION","MEGA DRIVE","1989","RPG","NÃO ZERADO","7,5",""
"SIMCITY","STEAM/PC","1989","CITY BUILDING","","6,6",""
"GHOULS 'N GHOSTS","MEGA DRIVE","1989","PLATAFORMA","ZERADO","7,83",""
"RIVER CITY RANSOM","NINTENDINHO","1989","BEAT 'EM UP","NÃO ZERADO","7,25",""
"PSYCHO FOX","MASTER SYSTEM","1989","PLATAFORMA","ZERADO","3,92",""
"TEENAGE MUTANT NINJA TURTLES","NINTENDINHO","1989","AÇÃO","NÃO ZERADO","6",""
"FINAL FIGHT","ARCADE","1989","BEAT 'EM UP","ZERADO","8,25",""
"BATMAN","NINTENDINHO","1989","PLATAFORMA","ZERADO","7,4",""
"GOLDEN AXE","MEGA DRIVE","1989","BEAT 'EM UP","ZERADO","8,2",""
"WORLD CHAMPIONSHIP SOCCER","MEGA DRIVE","1989","ESPORTE","ZERADO","5",""
"DUNGEON EXPLORER","PC ENGINE","1989","RPG","ZERADO","7,7",""
"SPLATTERHOUSE","PC ENGINE","1990","BEAT 'EM UP","ZERADO","7,8",""
"DANAN: THE JUNGLE FIGHTER","MASTER SYSTEM","1990","PLATAFORMA","","",""
"DR. MARIO","NINTENDINHO","1990","PUZZLE","","",""
"CRYSTALIS","NINTENDINHO","1990","RPG","","",""
"POWER BLADE","NINTENDINHO","1990","PLATAFORMA","","",""
"KID DRACULA","NINTENDINHO","1990","PLATAFORMA","","",""
"PHANTASY STAR 3 - GENERATIONS OF DOOM","MEGA DRIVE","1990","RPG","","",""
"FORMATION SOCCER: HUMAN CUP '90","PC ENGINE","1990","ESPORTE","","",""
"ALEX KIDD IN SHINOBI WORLD","MASTER SYSTEM","1990","PLATAFORMA","","",""
"PAPERBOY","MASTER SYSTEM","1990","AÇÃO","","",""
"ESWAT: CITY UNDER SIEGE","MEGA DRIVE","1990","PLATAFORMA","","",""
"YANG WARRIOR FAMILY","MEGA DRIVE","1990","BEAT 'EM UP","","",""
"DEVIL'S CRUSH (AKA. DRAGON'S FURY)","PC ENGINE","1990","PINBALL","","",""
"SUPER MONACO GP","MEGA DRIVE","1990","CORRIDA","","",""
"COLUMNS","MEGA DRIVE","1990","PUZZLE","","",""
"FATAL LABYRINTH","MEGA DRIVE","1990","RPG","","",""
"SHADOW BLASTERS","MEGA DRIVE","1990","PLATAFORMA","","",""
"THE LEGENDARY AXE II","PC ENGINE","1990","PLATAFORMA","","",""
"CHIP 'N DALE RESCUE RANGERS","NINTENDINHO","1990","PLATAFORMA","","",""
"TEENAGE MUTANT NINJA TURTLES II: THE ARCADE GAME","NINTENDINHO","1990","BEAT 'EM UP","","",""
"TEENAGE MUTANT NINJA TURTLES: FALL OF THE FOOT CLAN","GAME BOY","1990","AÇÃO","","",""
"SHADOW OF THE NINJA","NINTENDINHO","1990","PLATAFORMA","","",""
"JOURNEY TO SILIUS","NINTENDINHO","1990","RUN AND GUN","","",""
"YO! NOID","NINTENDINHO","1990","PLATAFORMA","","",""
"MICHAEL JACKSON'S MOONWALKER","MEGA DRIVE","1990","PLATAFORMA","","",""
"FINAL FANTASY III","NINTENDINHO","1990","RPG","","",""
"BATMAN","PC ENGINE","1990","AÇÃO","","",""
"MEGA MAN 3","NINTENDINHO","1990","PLATAFORMA","","",""
"NINJA GAIDEN II: THE DARK SWORD OF CHAOS","NINTENDINHO","1990","HACK AND SLASH","","",""
"STRIDER","MEGA DRIVE","1990","HACK AND SLASH","","",""
"COMMANDER KEEN IN INVASION OF THE VORTICONS","STEAM/PC","1990","PLATAFORMA","","",""
"TURRICAN","AMIGA","1990","RUN AND GUN","","",""
"THE SECRET OF MONKEY ISLAND","STEAM/PC","1990","ADVENTURE","","",""
"F-ZERO","SNES","1990","CORRIDA","","",""
"DUCKTALES: THE QUEST FOR GOLD","STEAM/PC","1990","PLATAFORMA","","",""
"SPEEDBALL 2: BRUTAL DELUXE","AMIGA","1990","ESPORTE","","",""
"GHOSTBUSTERS","MEGA DRIVE","1990","SHOOT 'EM UP","","",""
"CASTLE OF ILLUSION STARRING MICKEY MOUSE","MEGA DRIVE","1990","PLATAFORMA","","",""
"ACTRAISER","SNES","1990","CITY BUILDING","","",""
"SUPER MARIO WORLD","SNES","1990","PLATAFORMA","","",""
"NEW SUPER MARIO WORLD 2: AROUND THE WORLD","SNES","1990","PLATAFORMA","","",""
"SUPER MARIO WORLD - O CONTO DA COROA BOWSETTE","SNES","1990","PLATAFORMA","","",""
"MARIO GOES TO BRAZIL","SNES","1990","PLATAFORMA","","",""
"PRINCE OF PERSIA","STEAM/PC","1990","PLATAFORMA","","",""
"METAL GEAR 2: SOLID SNAKE","MSX2","1990","AÇÃO","","",""
"AFORCE (ALIEN FORCE)","STEAM/PC","1990","NAVE","","",""
"PILOTWINGS","SNES","1990","SIMULAÇÃO","","",""
"LAKERS VERSUS CELTICS AND THE NBA PLAYOFFS","MEGA DRIVE","1990","ESPORTE","","",""
"SHADOW DANCER: THE SECRET OF SHINOBI","MEGA DRIVE","1990","PLATAFORMA","","",""
"TECMO WORLD CUP SOCCER","NINTENDINHO","1990","ESPORTE","","",""
"BOMBERMAN","PC ENGINE","1990","ESTRATÉGIA","","",""
"CRACK DOWN","MEGA DRIVE","1990","SHOOT 'EM UP","","",""
"MERCS","MASTER SYSTEM","1991","SHOOT 'EM UP","","",""
"NINJA COMBAT","NEO GEO","1991","BEAT 'EM UP","","",""
"MICRO MACHINES","NINTENDINHO","1991","CORRIDA","","",""
"SID MEIER'S CIVILIZATION","STEAM/PC","1991","ESTRATÉGIA","","",""
"TEENAGE MUTANT NINJA TURTLES: MANHATTAN MISSIONS","STEAM/PC","1991","AÇÃO","","",""
"MONKEY ISLAND 2: LECHUCK'S REVENGE","STEAM/PC","1991","ADVENTURE","","",""
"THE IMMORTAL","MEGA DRIVE","1991","RPG","","",""
"CASTLE OF ILLUSION STARRING MICKEY MOUSE","MASTER SYSTEM","1991","PLATAFORMA","","",""
"ADVENTURE ISLAND 2","NINTENDINHO","1991","PLATAFORMA","","",""
"BOMBERMAN II","NINTENDINHO","1991","ESTRATÉGIA","","",""
"FINAL FANTASY IV","SNES","1991","RPG","","",""
"SUPER FORMATION SOCCER","SNES","1991","ESPORTE","","",""
"DOUBLE DRAGON II: THE REVENGE","MEGA DRIVE","1991","BEAT 'EM UP","","",""
"DOUBLE DRAGON 3: THE SACRED STONES","NINTENDINHO","1991","BEAT 'EM UP","","",""
"NINJA GAIDEN III: THE ANCIENTE SHIP OF DOOM","NINTENDINHO","1991","HACK AND SLASH","","",""
"MARBLE MADNESS","MEGA DRIVE","1991","PLATAFORMA","","",""
"NINJA GAIDEN SHADOW","GAME BOY","1991","AÇÃO","","",""
"MAGICIAN LORD","NEO GEO","1991","PLATAFORMA","","",""
"EL VIENTO","MEGA DRIVE","1991","PLATAFORMA","","",""
"TURRICAN II: THE FINAL FIGHT","AMIGA","1991","RUN AND GUN","","",""
"JEWEL MASTER","MEGA DRIVE","1991","AÇÃO","","",""
"LAGOON","SNES","1991","RPG","","",""
"WORLD CUP ITALIA '90 (AKA SUPER FUTEBOL 2)","MASTER SYSTEM","1991","ESPORTE","","",""
"SPIDER-MAN VS. THE KINGPIN","MASTER SYSTEM","1991","AÇÃO","","",""
"SPIDER-MAN VS. THE KINGPIN","MEGA DRIVE","1991","AÇÃO","","",""
"SUPER GHOULS'N GHOSTS","SNES","1991","PLATAFORMA","","",""
"GODS","STEAM/PC","1991","PLATAFORMA","","",""
"OUTRUN","MEGA DRIVE","1991","CORRIDA","","",""
"SHADOW OF THE BEAST","MEGA DRIVE","1991","PLATAFORMA","","",""
"TINY TOON ADVENTURES","NINTENDINHO","1991","PLATAFORMA","","",""
"NHL HOCKEY","MEGA DRIVE","1991","ESPORTE","","",""
"DINO LAND","MEGA DRIVE","1991","PINBALL","","",""
"YS III: WANDERERS FROM YS","NINTENDINHO","1991","RPG","","",""
"LEMMINGS","AMIGA","1991","PUZZLE","","",""
"CHOUJIN SENTAI JETMAN","NINTENDINHO","1991","BEAT 'EM UP","","",""
"THE SIMPSONS ARCADE GAME","ARCADE","1991","BEAT 'EM UP","","",""
"BART VS. THE SPACE MUTANTS","NINTENDINHO","1991","PLATAFORMA","","",""
"THE SIMPSONS: BART VS. THE WORLD","NINTENDINHO","1991","PLATAFORMA","","",""
"SUPER VOLLEYBALL","MEGA DRIVE","1991","ESPORTE","","",""
"WHERE IN THE WORLD IS CARMEN SANDIEGO?","STEAM/PC","1991","PUZZLE","","",""
"DECAP ATTACK","MEGA DRIVE","1991","PLATAFORMA","","",""
"BONK'S REVENGE","PC ENGINE","1991","PLATAFORMA","","",""
"BONANZA BROS.","MEGA DRIVE","1991","PLATAFORMA","","",""
"CALIFORNIA GAMES (JOGOS DE VERÃO)","MEGA DRIVE","1991","ESPORTE","","",""
"IMPOSSAMOLE","PC ENGINE","1991","PLATAFORMA","","",""
"STORMLORD","MEGA DRIVE","1991","PUZZLE","","",""
"ALIEN STORM","MEGA DRIVE","1991","SHOOT 'EM UP","","",""
"PSYCHIC WORLD","MASTER SYSTEM","1991","PLATAFORMA","","",""
"BATMAN: RETURN OF THE JOKER","NINTENDINHO","1991","AÇÃO","","",""
"DICK TRACY","MEGA DRIVE","1991","AÇÃO","","",""
"QUACKSHOT","MEGA DRIVE","1991","PLATAFORMA","","",""
"SUPER CASTLEVANIA IV","SNES","1991","PLATAFORMA","","",""
"GOLDEN AXE II","MEGA DRIVE","1991","BEAT 'EM UP","","",""
"VICE: PROJECT DOOM","NINTENDINHO","1991","PLATAFORMA","","",""
"SUPER SOCCER","SNES","1991","ESPORTE","","",""
"JOE & MAC: CAVEMAN NINJA","SNES","1991","PLATAFORMA","","",""
"BATTLETOADS","NINTENDINHO","1991","BEAT 'EM UP","","",""
"SENGOKU","NEO GEO","1991","BEAT 'EM UP","","",""
"WONDER BOY IN MONSTER WORLD","MEGA DRIVE","1991","PLATAFORMA","","",""
"MEGA MAN 4","NINTENDINHO","1991","PLATAFORMA","","",""
"SONIC THE HEDGEHOG","MASTER SYSTEM","1991","PLATAFORMA","","",""
"SONIC THE HEDGEHOG","MEGA DRIVE","1991","PLATAFORMA","","",""
"STREETS OF RAGE","MEGA DRIVE","1991","BEAT 'EM UP","","",""
"DAHNA: MEGAMI TANJOU","MEGA DRIVE","1991","AÇÃO","","",""
"COCORON","NINTENDINHO","1991","PLATAFORMA","","",""
"TOEJAM & EARL","MEGA DRIVE","1991","AÇÃO","","",""
"NES OPEN TOURNAMENT GOLF","NINTENDINHO","1991","ESPORTE","","",""
"THE LEGEND OF ZELDA: A LINK TO THE PAST","SNES","1991","RPG","","",""
"SUPER TENNIS","SNES","1991","ESPORTE","","",""
"DUKE NUKEM","STEAM/PC","1991","PLATAFORMA","","",""
"METROID II: RETURN OF SAMUS","GAME BOY","1991","AÇÃO","","",""
"MEGA MAN IN DR. WILY'S REVENGE","GAME BOY","1991","PLATAFORMA","","",""
"TURRICAN","MEGA DRIVE","1991","RUN AND GUN","","",""
"CHAMPIONS FOREVER BOXING","PC ENGINE","1991","LUTA","","",""
"64TH STREET A DETECTIVE STORY","ARCADE","1991","BEAT 'EM UP","","",""
"ASTERIX","MASTER SYSTEM","1991","PLATAFORMA","","",""
"SHATTERHAND","NINTENDINHO","1991","PLATAFORMA","","",""
"THE LITTLE MERMAID","NINTENDINHO","1991","AÇÃO","","",""
"BURNING FIGHT","NEO GEO","1991","BEAT 'EM UP","","",""
"DONALD DUCK: THE LUCKY DIME CAPER","MASTER SYSTEM","1991","PLATAFORMA","","",""
"HEAVYWEIGHT CHAMP","MASTER SYSTEM","1991","ESPORTE","","",""
"ROLLING THUNDER II","MEGA DRIVE","1991","SHOOT 'EM UP","","",""
"MÔNICA NO CASTELO DO DRAGÃO","MASTER SYSTEM","1991","PLATAFORMA","","",""
"TEENAGE MUTANT NINJA TURTLES II: BACK FROM THE SEWERS","GAME BOY","1991","AÇÃO","","",""
"TEENAGE MUTANT NINJA TURTLES III: THE MANHATTAN PROJECT","NINTENDINHO","1991","BEAT 'EM UP","","",""
"TEENAGE MUTANT NINJA TURTLES: TURTLES IN TIME","SNES","1992","BEAT 'EM UP","","",""
"GOAL!","SNES","1992","ESPORTE","","",""
"DOUBLE DRAGON III: THE ROSETTA STONE","STEAM/PC","1992","BEAT 'EM UP","","",""
"THE SIMPSONS: BART'S HOUSE OF WEIRDNESS","STEAM/PC","1992","PLATAFORMA","","",""
"TINY TOONS ADVENTURES: BABS' BIG BREAK","GAME BOY","1992","PLATAFORMA","","",""
"STRIKER","SNES","1992","ESPORTE","","",""
"ASTRAL BOUT","SNES","1992","LUTA","","",""
"FINAL FANTASY V","SNES","1992","RPG","","",""
"SUPER ADVENTURE ISLAND","SNES","1992","PLATAFORMA","","",""
"NEW ADVENTURE ISLAND","PC ENGINE","1992","PLATAFORMA","","",""
"ADVENTURE ISLAND III","NINTENDINHO","1992","PLATAFORMA","","",""
"JAMES BOND 007: THE DUEL","MEGA DRIVE","1992","AÇÃO","","",""
"KRUST'S FUN HOUSE","MEGA DRIVE","1992","PLATAFORMA","","",""
"THE SIMPSONS: BARTMAN MEETS RADIOACTIVE MAN","NINTENDINHO","1992","PLATAFORMA","","",""
"TECMO WORLD CUP '92","MEGA DRIVE","1992","ESPORTE","","",""
"CRÜE BALL","MEGA DRIVE","1992","PINBALL","","",""
"BOMBERMAN '93","PC ENGINE","1992","ESTRATÉGIA","","",""
"KYORYU SENTAI ZYURANGER","NINTENDINHO","1992","BEAT 'EM UP","","",""
"WONDER BOY III: THE DRAGON'S TRAP","GAME GEAR","1992","PLATAFORMA","ZERADO","7,2",""
"CADASH","MEGA DRIVE","1992","RPG","ZERADO","8",""
"ROAD RUNNER'S DEATH VALLEY RALLY","SNES","1992","PLATAFORMA","","",""
"TOKI (AKA. JUJU DENSETSU)","MEGA DRIVE","1992","PLATAFORMA","","",""
"HOME ALONE","MEGA DRIVE","1992","AÇÃO","","",""
"SOCCER BRAWL","NEO GEO","1992","ESPORTE","","",""
"MONSTER IN MY POCKET","NINTENDINHO","1992","AÇÃO","","",""
"MAGIC SWORD","SNES","1992","BEAT 'EM UP","","",""
"THE JETSONS: COGSWELL'S CAPER!","NINTENDINHO","1992","PLATAFORMA","","",""
"CHIKI CHIKI BOYS (MEGA TWINS)","MEGA DRIVE","1992","PLATAFORMA","","",""
"SUPER SMASH TV","SNES","1992","SHOOT 'EM UP","","",""
"CHAKAN: THE FOREVER MAN","MEGA DRIVE","1992","PLATAFORMA","","",""
"BRAWL BROTHERS","SNES","1992","BEAT 'EM UP","","",""
"TURBO OUTRUN","MEGA DRIVE","1992","CORRIDA","","",""
"EUROPEAN CLUB SOCCER","MEGA DRIVE","1992","ESPORTE","","",""
"ALISIA DRAGOON","MEGA DRIVE","1992","PLATAFORMA","","",""
"THE LEGEND OF GALAHAD","MEGA DRIVE","1992","PLATAFORMA","","",""
"ALIEN 3","MEGA DRIVE","1992","RUN AND GUN","","",""
"STREET FIGHTER II: THE WORLD WARRIOR","SNES","1992","LUTA","","",""
"DEVILISH: THE NEXT POSSESSION","MEGA DRIVE","1992","BREAKOUT","","",""
"FELIX THE CAT","NINTENDINHO","1992","PLATAFORMA","","",""
"KID CHAMELEON","MEGA DRIVE","1992","PLATAFORMA","","",""
"LAND OF ILLUSION STARRING MICKEY MOUSE","MASTER SYSTEM","1992","PLATAFORMA","","",""
"TEENAGE MUTANT NINJA TURTLES: THE HYPERSTONE HEIST","MEGA DRIVE","1992","BEAT 'EM UP","","",""
"FLASHBACK: THE QUEST FOR IDENTITY","AMIGA","1992","CINEMÁTICO","","",""
"CONTRA III: THE ALIEN WARS","SNES","1992","RUN AND GUN","","",""
"AYRTON SENNA'S SUPER MONACO GP II","MEGA DRIVE","1992","CORRIDA","","",""
"MEGA MAN 5","NINTENDINHO","1992","PLATAFORMA","","",""
"SUPER TURRICAN","SNES","1992","RUN AND GUN","","",""
"TINY TOON ADVENTURES: BUSTER BUSTS LOOSE!","SNES","1992","PLATAFORMA","","",""
"WORLD OF ILLUSION STARRING MICKEY MOUSE AND DONALD DUCK","MEGA DRIVE","1992","PLATAFORMA","","",""
"CHAMPIONSHIP PRO-AM","MEGA DRIVE","1992","CORRIDA","","",""
"SYD OF VALIS","MEGA DRIVE","1992","AÇÃO","","",""
"MR. GIMMICK","NINTENDINHO","1992","PLATAFORMA","","",""
"LUNAR: THE SILVER STAR","SEGA CD","1992","RPG","","",""
"SONIC THE HEDGEHOG 2","MASTER SYSTEM","1992","PLATAFORMA","","",""
"SONIC THE HEDGEHOG 2","MEGA DRIVE","1992","PLATAFORMA","","",""
"POWER BLADE 2","NINTENDINHO","1992","PLATAFORMA","","",""
"STREETS OF RAGE 2","MEGA DRIVE","1992","BEAT 'EM UP","","",""
"MOON CRYSTAL","NINTENDINHO","1992","AÇÃO","","",""
"SONIC BLAST MAN","SNES","1992","BEAT 'EM UP","","",""
"TOM AND JERRY: THE MOVIE","MASTER SYSTEM","1992","PLATAFORMA","","",""
"SUPER MARIO KART","SNES","1992","CORRIDA","","",""
"OLYMPIC GOLD BARCELONA 92","MEGA DRIVE","1992","ESPORTE","","",""
"KIRBY'S DREAM LAND","GAME BOY","1992","AÇÃO","","",""
"TOP GEAR","SNES","1992","CORRIDA","","",""
"AIR RESCUE","MASTER SYSTEM","1992","AÇÃO","","",""
"WORLD SPORTS COMPETITION","PC ENGINE","1992","ESPORTE","","",""
"PUTT & PUTTER","MASTER SYSTEM","1992","ESPORTE","","",""
"GREENDOG: THE BEACHED SURFER DUDE!","MEGA DRIVE","1992","PLATAFORMA","","",""
"TAZ-MANIA","MASTER SYSTEM","1992","PLATAFORMA","","",""
"SUPER MARIO LAND 2: 6 GOLDEN COINS","GAME BOY","1992","PLATAFORMA","","",""
"E.V.O.: SEARCH FOR EDEN","SNES","1992","RPG","","",""
"ART OF FIGHTING","NEO GEO","1992","LUTA","","",""
"LITTLE SAMSON","NINTENDINHO","1992","PLATAFORMA","","",""
"MUTATION NATION","NEO GEO","1992","BEAT 'EM UP","","",""
"SUPER DOUBLE DRAGON","SNES","1992","BEAT 'EM UP","","",""
"DESERT STRIKE: RETURN TO THE GULF","MEGA DRIVE","1992","SHOOT 'EM UP","","",""
"WILD WEST C.O.W - BOYS OF MOO MESA","ARCADE","1992","RUN AND GUN","","",""
"ROAD AVENGER (AKA. ROAD BLASTER)","SEGA CD","1992","INTERATIVO","","",""
"SPLATTERHOUSE 2","MEGA DRIVE","1992","BEAT 'EM UP","","",""
"DINOCITY","SNES","1992","PLATAFORMA","","",""
"SENSIBLE SOCCER: EUROPEAN CHAMPIONS","AMIGA","1992","ESPORTE","","",""
"NINJA GAIDEN","MASTER SYSTEM","1992","BEAT 'EM UP","","",""
"ALONE IN THE DARK","STEAM/PC","1992","SURVIVAL HORROR","","",""
"CONGO'S CAPER","SNES","1992","PLATAFORMA","","",""
"ECCO THE DOLPHIN","MEGA DRIVE","1992","AÇÃO","","",""
"WIMBLEDON","MASTER SYSTEM","1992","ESPORTE","","",""
"THE MAGICAL QUEST STARRING MICKEY MOUSE","SNES","1992","PLATAFORMA","","",""
"GEORGE FOREMAN'S KO BOXING","MEGA DRIVE","1992","ESPORTE","","",""
"DARKWING DUCK","NINTENDINHO","1992","PLATAFORMA","","",""
"FINAL FIGHT GUY","SNES","1992","BEAT 'EM UP","","",""
"SOUL BLAZER","SNES","1992","RPG","","",""
"ROAD RASH 2","MEGA DRIVE","1992","CORRIDA","","",""
"LEGIONNAIRE","ARCADE","1992","BEAT 'EM UP","","",""
"NIGHT SLASHERS","ARCADE","1993","BEAT 'EM UP","","",""
"BATTLETOADS & DOUBLE DRAGON: THE ULTIMATE TEAM","NINTENDINHO","1993","BEAT 'EM UP","","",""
"FINAL FIGHT CD","SEGA CD","1993","BEAT 'EM UP","","",""
"LINK: THE FACES OF EVIL","PHILIPS CD-I","1993","AÇÃO","","",""
"ZELDA: THE WAND OF GAMELON","PHILIPS CD-I","1993","AÇÃO","","",""
"THE LEGEND OF ZELDA: LINK'S AWAKENING","GAME BOY","1993","RPG","","",""
"CHIP 'N DALE RESCUE RANGERS 2","NINTENDINHO","1993","PLATAFORMA","","",""
"SUPER MARIO ALL-STARS","SNES","1993","PLATAFORMA","","",""
"DUCKTALES 2","NINTENDINHO","1993","PLATAFORMA","","",""
"SUPER SIDEKICKS","NEO GEO","1993","ESPORTE","","",""
"TEENAGE MUTANT NINJA III: RADICAL RESCUE","GAME BOY","1993","AÇÃO","","",""
"VAMPIRE: MASTER OF DARKNESS","MASTER SYSTEM","1993","PLATAFORMA","","",""
"BATMAN RETURNS","MASTER SYSTEM","1993","PLATAFORMA","","",""
"HYPER V-BALL","SNES","1993","ESPORTE","","",""
"STREET FIGHTER II: CHAMPION EDITION","PC ENGINE","1993","LUTA","","",""
"PELE","MEGA DRIVE","1993","ESPORTE","","",""
"DUKE NUKEM II","STEAM/PC","1993","PLATAFORMA","","",""
"ILLUSION OF GAIA","SNES","1993","RPG","","",""
"TIM - THE INCREDIBLE MACHINE","STEAM/PC","1993","PUZZLE","","",""
"ROBOCOP 3","MASTER SYSTEM","1993","RUN AND GUN","","",""
"PRINCE OF PERSIA II: THE SHADOW AND THE FLAME","STEAM/PC","1993","PLATAFORMA","","",""
"ANETT FUTATABI","SEGA CD","1993","BEAT 'EM UP","","",""
"LIONHEART","AMIGA","1993","PLATAFORMA","","",""
"B.O.B","SNES","1993","RUN AND GUN","","",""
"MORTAL KOMBAT","SEGA CD","1993","LUTA","","",""
"COSMO POLICE GALIVAN II","SNES","1993","BEAT 'EM UP","","",""
"DUNGEON EXPLORER 2","PC ENGINE","1993","RPG","","",""
"CLAYFIGHTER","SNES","1993","LUTA","","",""
"THE SIMPSONS: BART'S NIGHTMARE","MEGA DRIVE","1993","PLATAFORMA","","",""
"THE LOST VIKINGS","SNES","1993","PLATAFORMA","","",""
"STAR FOX","SNES","1993","NAVE","","",""
"KIRBY'S ADVENTURE","NINTENDINHO","1993","AÇÃO","","",""
"SUPER BOMBERMAN","SNES","1993","ESTRATÉGIA","","",""
"TOEJAM & EARL IN PANIC OF FUNKOTRON","MEGA DRIVE","1993","PLATAFORMA","","",""
"PINK GOES TO HOLLYWOOD","SNES","1993","PLATAFORMA","","",""
"BOMBERMAN '94","SNES","1993","ESTRATÉGIA","","",""
"ASTERIX AND THE GREAT RESCUE","MEGA DRIVE","1993","PLATAFORMA","","",""
"SOCCER KID","AMIGA","1993","PLATAFORMA","","",""
"ADVENTURE ISLAND II: ALIENS IN PARADISE","GAME BOY","1993","PLATAFORMA","","",""
"BATMAN RETURNS","SNES","1993","BEAT 'EM UP","","",""
"DOOM","STEAM/PC","1993","FPS","","",""
"ALIEN 3","SNES","1993","RUN AND GUN","","",""
"MEGA MAN 6","NINTENDINHO","1993","PLATAFORMA","","",""
"DISNEY'S ALADDIN","MEGA DRIVE","1993","PLATAFORMA","","",""
"ETERNAL CHAMPIONS","MEGA DRIVE","1993","LUTA","","",""
"DAFFY DUCK: THE MARVIN MISSIONS","SNES","1993","PLATAFORMA","","",""
"TOP GEAR 2","SNES","1993","CORRIDA","","",""
"FAUSSETE AMOUR","PC ENGINE CD","1993","PLATAFORMA","","",""
"BUBSY IN CLAWS ENCOUNTERS OF THE FURRED KIND","SNES","1993","PLATAFORMA","","",""
"CASTLEVANMIA CHRONICLES","SHARP X68000","1993","AÇÃO","","",""
"CASTLEVANIA: RONDO OF BLOOD","PC ENGINE","1993","PLATAFORMA","","",""
"FINAL FIGHT 2","SNES","1993","BEAT 'EM UP","","",""
"STREETS OF RAGE","MASTER SYSTEM","1993","BEAT 'EM UP","","",""
"MIGHTY FINAL FIGHT","NINTENDINHO","1993","BEAT 'EM UP","","",""
"THE TERMINATOR","SEGA CD","1993","SHOOT 'EM UP","","",""
"ROCKET KNIGHT ADVENTURES 1","MEGA DRIVE","1993","PLATAFORMA","","",""
"SECRET OF MANA","SNES","1993","RPG","","",""
"BLADES OF VENGEANCE","MEGA DRIVE","1993","PLATAFORMA","","",""
"COOL SPOT","MEGA DRIVE","1993","PLATAFORMA","","",""
"NIGEL MANSELL'S WORLD CHAMPIONSHIP","SNES","1993","CORRIDA","","",""
"ULTIMATE SOCCER","MASTER SYSTEM","1993","ESPORTE","","",""
"TOM AND JERRY","SNES","1993","PLATAFORMA","","",""
"GUNSTAR HEROES","MEGA DRIVE","1993","PLATAFORMA","","",""
"ARDY LIGHTFOOT","SNES","1993","PLATAFORMA","","",""
"RUN SABER","SNES","1993","AÇÃO","","",""
"SPLATTERHOUSE 3","MEGA DRIVE","1993","BEAT 'EM UP","","",""
"THE BLUES BROTHERS","SNES","1993","PLATAFORMA","","",""
"JURASSIC PARK","SNES","1993","AÇÃO","","",""
"SNOW BROS. : NICK & TOM","MEGA DRIVE","1993","PLATAFORMA","","",""
"STREET FIGHTER II TURBO: HYPER FIGHTING","SNES","1993","LUTA","","",""
"SUNSET RIDERS","SNES","1993","SHOOT 'EM UP","","",""
"GANBARE GOEMON 2: KITERETSU SHOGUN MAGGINESU","SNES","1993","PLATAFORMA","","",""
"CHAPOLIM X DRÁCULA: UM DUELO ASSUSTADOR","MASTER SYSTEM","1993","PLATAFORMA","","",""
"TINY TOON ADVENTURES: BUSTER'S HIDDEN TREASURE","MEGA DRIVE","1993","PLATAFORMA","","",""
"GOLDEN AXE III","MEGA DRIVE","1993","BEAT 'EM UP","","",""
"SHINOBI III: RETURN OF THE NINJA MASTER","MEGA DRIVE","1993","PLATAFORMA","","",""
"TURMA DA MÔNICA EM: O RESGATE","MASTER SYSTEM","1993","PLATAFORMA","","",""
"JURASSIC PARK","MASTER SYSTEM","1993","PLATAFORMA","","",""
"X-MEN: MUTANT APOCALYPSE","MEGA DRIVE","1993","PLATAFORMA","","",""
"FATAL FURY SPECIAL","NEO GEO","1993","LUTA","","",""
"SIMFARM","STEAM/PC","1993","SIMULAÇÃO","","",""
"CLIFFHANGER","SNES","1993","PLATAFORMA","","",""
"DRAGON BALL Z SUPER BUTODEN","SNES","1993","LUTA","","",""
"GS MIKAMI (AKA. GHOST SWEEPER MIKAMI: JOREISHI WA NICE BODY)","SNES","1993","PLATAFORMA","","",""
"SAMURAI SHODOWN","NEO GEO","1993","LUTA","","",""
"DRAGON BALL Z SUPER BUTODEN 2","SNES","1993","LUTA","","",""
"RENEGADE","MASTER SYSTEM","1993","BEAT 'EM UP","","",""
"DRAGON BALL Z","ARCADE","1993","LUTA","","",""
"ROCK & ROLL RACING","SNES","1993","CORRIDA","","",""
"SKYROADS","STEAM/PC","1993","PLATAFORMA","","",""
"MEGA MAN X","SNES","1993","PLATAFORMA","","",""
"TIME SLIP","SNES","1993","PLATAFORMA","","",""
"CHUCK ROCK II: SON OF CHUCK","MASTER SYSTEM","1993","PLATAFORMA","","",""
"SONIC CD","SEGA CD","1993","PLATAFORMA","","",""
"CHAVEZ","SNES","1993","LUTA","","",""
"SONIC SPINBALL","MEGA DRIVE","1993","PINBALL","","",""
"CRASH 'N BURN","3DO","1993","CORRIDA","","",""
"ZEN: INTERGALACTIC NINJA","NINTENDINHO","1993","PLATAFORMA","","",""
"DRAGON'S LAIR","SNES","1993","PLATAFORMA","","",""
"SONIC CHAOS","MASTER SYSTEM","1993","PLATAFORMA","","",""
"THE CHAOS ENGINE","AMIGA","1993","RUN AND GUN","","",""
"VIOLENT STORM","ARCADE","1993","BEAT 'EM UP","","",""
"MCDONALD'S TREASURE LAND ADVENTURE","MEGA DRIVE","1993","PLATAFORMA","","",""
"MASTERS OF COMBAT","MASTER SYSTEM","1993","LUTA","","",""
"MAZIN SAGA: MUTANT FIGHTER","MEGA DRIVE","1993","BEAT 'EM UP","","",""
"HARLEY'S HUMONGOUS ADVENTURE","SNES","1993","AÇÃO","","",""
"ZOMBIES ATE MY NEIGHBORS","MEGA DRIVE","1993","SHOOT 'EM UP","","",""
"SHADOW FORCE","ARCADE","1993","BEAT 'EM UP","","",""
"ZERO TEAM 2000","ARCADE","1993","BEAT 'EM UP","","",""
"THE FLINSTONES","MEGA DRIVE","1993","PLATAFORMA","","",""
"PELE II: WORLD TOURNAMENT SOCCER","MEGA DRIVE","1993","ESPORTE","","",""
"FIFA INTERNATIONAL SOCCER","MEGA DRIVE","1993","ESPORTE","","",""
"CADILLACS AND DINOSAURS","ARCADE","1993","BEAT 'EM UP","","",""
"DINOSAURS FOR HIRE","MEGA DRIVE","1993","SHOOT 'EM UP","","",""
"BUGGY RUN","MASTER SYSTEM","1993","CORRIDA","","",""
"ASTÉRIX AND THE SECRET MISSION","MASTER SYSTEM","1993","PLATAFORMA","","",""
"GOOF TROOP","SNES","1993","PUZZLE","ZERADO","9,4",""
"TURMA DA MÔNICA NA TERRA DOS MONSTROS","MEGA DRIVE","1994","PLATAFORMA","","",""
"SIMCITY 2000","STEAM/PC","1994","CITY BUILDING","","",""
"SENSIBLE SOCCER INTERNATIONAL EDITION","MEGA DRIVE","1994","ESPORTE","","",""
"PHANTASY STAR 4 - THE END OF THE MILLENNIUM","MEGA DRIVE","1994","RPG","","",""
"THE INCREDIBLE HULK","MASTER SYSTEM","1994","PLATAFORMA","","",""
"THE INCREDIBLE HULK","MEGA DRIVE","1994","PLATAFORMA","","",""
"ECCO: THE TIDES OF TIME","SEGA CD","1994","AÇÃO","","",""
"BRAIN LORD","SNES","1994","PUZZLE","","",""
"DYNAMITE HEADDY","MEGA DRIVE","1994","PLATAFORMA","","",""
"STREET SLAM","NEO GEO","1994","ESPORTE","","",""
"SENSIBLE WORLD OF SOCCER","STEAM/PC","1994","ESPORTE","","",""
"TAKAHASHI MEIJIN NO BOKENJIMA IV","NINTENDINHO","1994","PLATAFORMA","","",""
"SUPER ADVENTURE ISLAND 2","SNES","1994","PLATAFORMA","","",""
"MEGA TURRICAN","MEGA DRIVE","1994","RUN AND GUN","","",""
"THEME PARK","STEAM/PC","1994","TYCOON","","",""
"FINAL FANTASY VI","SNES","1994","RPG","","",""
"THE FLINSTSONES: THE TREASURE OF SIERRA MADROCK","SNES","1994","PLATAFORMA","","",""
"MONSTER WORLD IV","MEGA DRIVE","1994","PLATAFORMA","","",""
"SUPER METROID","SNES","1994","METROIDVANIA","","",""
"TAZ IN ESCAPE FROM MARS","MEGA DRIVE","1994","PLATAFORMA","","",""
"BUBBA 'N' STIX","AMIGA","1994","PLATAFORMA","","",""
"BOOGERMAN: A PICK AND FLICK ADVENTURE","MEGA DRIVE","1994","PLATAFORMA","","",""
"GHOUL PATROL","SNES","1994","SHOOT 'EM UP","","",""
"THE MISADVENTURES OF FLINK","SEGA CD","1994","PLATAFORMA","","",""
"NBA JAM","SNES","1994","ESPORTE","","",""
"BALLZ 3D","MEGA DRIVE","1994","LUTA","","",""
"BONKERS","SNES","1994","PLATAFORMA","","",""
"CAPCOM'S SOCCER SHOOTOUT","SNES","1994","ESPORTE","","",""
"J-LEAGUE WINNING GOAL","NINTENDINHO","1994","ESPORTE","","",""
"SID MEIER'S COLONIZATION","STEAM/PC","1994","ESTRATÉGIA","","",""
"WORLD CHAMPIONSHIP SOCCER 2","MEGA DRIVE","1994","ESPORTE","","",""
"TIM - THE INCREDIBLE MACHINE 2","STEAM/PC","1994","PUZZLE","","",""
"MUTANT LEAGUE HOCKEY","MEGA DRIVE","1994","ESPORTE","","",""
"UNIRACERS","SNES","1994","CORRIDA","","",""
"SHAQ-FU","SNES","1994","LUTA","","",""
"THE SMURFS","SNES","1994","PLATAFORMA","","",""
"THE DEATH AND RETURN OF SUPERMAN","SNES","1994","BEAT 'EM UP","","",""
"DRAGON BALL Z BUYUU RETSUDEN","MEGA DRIVE","1994","LUTA","","",""
"THE GREAT CIRCUS MYSTERY: STARRING MICKEY AND MINNIE","SNES","1994","PLATAFORMA","","",""
"DONALD DUCK: DEEP DUCK TROUBLE","MASTER SYSTEM","1994","PLATAFORMA","","",""
"CONTRA: HARD CORPS","MEGA DRIVE","1994","RUN AND GUN","","",""
"HIGH SEAS HAVOC","MEGA DRIVE","1994","PLATAFORMA","","",""
"BOBBY'S WORLD","SNES","1994","PLATAFORMA","","",""
"DONALD NO MAGICAL WORLD","GAME GEAR","1994","PLATAFORMA","","",""
"DRAGON BALL Z SUPER BUTODEN 3","SNES","1994","LUTA","","",""
"DISNEY ALADDIN","MASTER SYSTEM","1994","PLATAFORMA","","",""
"DRAGON BALL Z IDAINARU SON GOKU DENSETSU","PC ENGINE","1994","LUTA","","",""
"ZERO THE KAMIKAZE SQUIRREL","SNES","1994","PLATAFORMA","","",""
"DOOM II - HELL ON EARTH","STEAM/PC","1994","FPS","","",""
"DRAGON BALL Z2 SUPER BATTLE","ARCADE","1994","LUTA","","",""
"ASTRAL BOUT 2: THE TOTAL FIGHTERS","SNES","1994","LUTA","","",""
"BUBSY II","SNES","1994","PLATAFORMA","","",""
"BUBSY IN FRACTURED FURRY TALES","ATARI JAGUAR","1994","PLATAFORMA","","",""
"SUPER STREET FIGHTER II TURBO","3DO","1994","LUTA","","",""
"JOE & MAC 2: LOST IN THE TROPICS","SNES","1994","PLATAFORMA","","",""
"WILD GUNS","SNES","1994","SHOOT 'EM UP","","",""
"THE LION KING","MEGA DRIVE","1994","PLATAFORMA","","",""
"SUPER BOMBERMAN 2","SNES","1994","ESTRATÉGIA","","",""
"THE KING OF DRAGONS","SNES","1994","BEAT 'EM UP","","",""
"THE NINJA WARRIORS","SNES","1994","BEAT 'EM UP","","",""
"VIRTUAL BART","SNES","1994","MINIGAME","","",""
"PULSEMAN","MEGA DRIVE","1994","PLATAFORMA","","",""
"ROAD RASH","MASTER SYSTEM","1994","CORRIDA","","",""
"ROAD RASH","3DO","1994","CORRIDA","","",""
"JAZZ JACKRABBIT","STEAM/PC","1994","PLATAFORMA","","",""
"SONIC BLAST MAN II","SNES","1994","BEAT 'EM UP","","",""
"DONKEY KONG COUNTRY","SNES","1994","PLATAFORMA","","",""
"BEYOND OASIS","MEGA DRIVE","1994","RPG","","",""
"STREETS OF RAGE 3","MEGA DRIVE","1994","BEAT 'EM UP","","",""
"WOLFENSTEIN 3D","STEAM/PC","1994","FPS","","",""
"ART OF FIGHTING 2","NEO GEO","1994","LUTA","","",""
"ANIMANIACS","MEGA DRIVE","1994","PLATAFORMA","","",""
"SONIC THE HEDGEHOG 3","MEGA DRIVE","1994","PLATAFORMA","","",""
"SONIC & KNUCKLES","MEGA DRIVE","1994","PLATAFORMA","","",""
"SONIC 2 & KNUCKLES","MEGA DRIVE","1994","PLATAFORMA","","",""
"SONIC 3 & KNUCKLES","MEGA DRIVE","1994","PLATAFORMA","","",""
"SUPER SIDEKICKS 2: THE WORLD CHAMPIONSHIP","NEO GEO","1994","ESPORTE","","",""
"ZOOL","MASTER SYSTEM","1994","PLATAFORMA","","",""
"ZOOL 2","ATARI JAGUAR","1994","PLATAFORMA","","",""
"ROAD & TRACK PRESENTS: THE NEED FOR SPEED","3DO","1994","CORRIDA","","",""
"SPARKSTER: ROCKET KNIGHT ADVENTURES 2","MEGA DRIVE","1994","PLATAFORMA","","",""
"SPARKSTER","SNES","1994","PLATAFORMA","","",""
"POPFUL MAIL: MAGICAL FANTASY ADVENTURE","SEGA CD","1994","RPG","","",""
"MEGA MAN: THE WILY WARS","MEGA DRIVE","1994","PLATAFORMA","","",""
"CHOPLIFTER III","SNES","1994","SHOOT 'EM UP","","",""
"CASTLEVANIA: BLOODLINES","MEGA DRIVE","1994","PLATAFORMA","","",""
"FATAL FURY: THE KING OF FIGHTERS","NEO GEO CD","1994","LUTA","","",""
"FATAL FURY 2","NEO GEO CD","1994","LUTA","","",""
"HAGANE: THE FINAL CONFLICT","SNES","1994","PLATAFORMA","","",""
"DEMON'S CREST","SNES","1994","PLATAFORMA","","",""
"CRUSADER OF CENTY","MEGA DRIVE","1994","RPG","","",""
"PIRATES OF THE DARK WATER","SNES","1994","BEAT 'EM UP","","",""
"SUPER NINJA-KUN","SNES","1994","PLATAFORMA","","",""
"BUGS BUNNY RABBIT RAMPAGE","SNES","1994","PLATAFORMA","","",""
"UMIHARA KAWASE","SNES","1994","PLATAFORMA","","",""
"WARIO LAND: SUPER MARIO LAND 3","GAME BOY","1994","PLATAFORMA","","",""
"POWER DRIVE","SNES","1994","CORRIDA","","",""
"MEGA MAN SOCCER","SNES","1994","ESPORTE","","",""
"ALIEN VS PREDATOR","ARCADE","1994","BEAT 'EM UP","","",""
"DISNEY'S BEAUTY AND THE BEAST","SNES","1994","PLATAFORMA","","",""
"HERETIC","STEAM/PC","1994","FPS","","",""
"KNIGHTS OF THE ROUND","SNES","1994","BEAT 'EM UP","","",""
"THE JUNGLE BOOK","MEGA DRIVE","1994","PLATAFORMA","","",""
"THE GREAT BATTLE IV","SNES","1994","AÇÃO","","",""
"NANGOKU SHOUNEN PAPUWA-KUN","SNES","1994","PLATAFORMA","","",""
"THE ADVENTURES OF BATMAN AND ROBIN","SNES","1994","PLATAFORMA","","",""
"RIDGE RACER","PLAYSTATION 1","1994","CORRIDA","","",""
"BATTLEMANIACS","MASTER SYSTEM","1994","PLATAFORMA","","",""
"PITFALL: THE MAYAN ADVENTURE","SNES","1994","PLATAFORMA","","",""
"OUT OF THIS WORLD","3DO","1994","PLATAFORMA","","",""
"UFO KAMEN YAKISOBAN","SNES","1994","BEAT 'EM UP","","",""
"CANNON FODDER 1","MEGA DRIVE","1994","SHOOT 'EM UP","","",""
"CANNON FODDER 2","STEAM/PC","1994","SHOOT 'EM UP","","",""
"THE FIREMAN","SNES","1994","AÇÃO","","",""
"SKITCHIN'","MEGA DRIVE","1994","CORRIDA","","",""
"MICHAEL JORDAN: CHAOS IN THE WINDY CITY","SNES","1994","PLATAFORMA","","",""
"X-MEN: MUTANT APOCALYPSE","SNES","1994","PLATAFORMA","","",""
"MIGHTY MORPHIN POWER RANGERS","SNES","1994","BEAT 'EM UP","","",""
"JURASSIC PARK 2: THE CHAOS CONTINUES","SNES","1994","PLATAFORMA","","",""
"LITTLE BIG ADVENTURE","STEAM/PC","1994","AÇÃO","","",""
"BLACKTHORNE","SNES","1994","PLATAFORMA","","",""
"MEGA MAN X2","SNES","1994","PLATAFORMA","","",""
"NOSFERATU","SNES","1994","PLATAFORMA","","",""
"EARTHBOUND","SNES","1994","RPG","","",""
"SUPER PUNCH-OUT!!","SNES","1994","LUTA","","",""
"WORLD CUP USA '94","MEGA DRIVE","1994","ESPORTE","","",""
"FIFA 95","MEGA DRIVE","1994","ESPORTE","","",""
"CAPCOM'S SOCCER SHOOTOUT","SNES","1994","ESPORTE","","",""
"VIRTUA FIGHTER","SEGA SATURN","1994","LUTA","","",""
"INDIANA JONE'S GREATEST ADVENTURES","SNES","1994","PLATAFORMA","","",""
"CLOCKWORK KNIGHT","SEGA SATURN","1994","PLATAFORMA","","",""
"MICKEY MANIA","MEGA DRIVE","1994","PLATAFORMA","","",""
"SPIDER-MAN & VENOM: MAXIMUM CARNAGE","SNES","1994","BEAT 'EM UP","","",""
"VIRTUA RACING","MEGA DRIVE","1994","CORRIDA","","",""
"CHAMPIONSHIP SOCCER '94","SNES","1994","ESPORTE","","",""
"SKYBLAZER","SNES","1994","PLATAFORMA","","",""
"STREET HOOP","NEO GEO","1994","ESPORTE","","",""
"MUTANT RAMPAGE: BODYSLAM","PHILIPS CD-I","1994","BEAT 'EM UP","","",""
"KAZE KIRI","PC ENGINE","1994","BEAT 'EM UP","","",""
"THE KING OF FIGHTERS '94","NEO GEO CD","1994","LUTA","","",""
"LEGEND","SNES","1994","BEAT 'EM UP","","",""
"BIKER MICE FROM MARS","SNES","1994","CORRIDA","","",""
"WINDJAMMERS","NEO GEO","1994","ESPORTE","","",""
"THE ITCHY & SCRATCHY GAME (COMICHÃO E COÇADINHA)","SNES","1994","PLATAFORMA","","",""
"EARTHWORM JIM","STEAM/PC","1995","PLATAFORMA","","",""
"FINAL FIGHT 3","SNES","1995","BEAT 'EM UP","","",""
"CASTLEVANIA: DRACULA X","SNES","1995","PLATAFORMA","","",""
"MAGICAL POP'N","SNES","1995","PLATAFORMA","","",""
"SAPO XULÉ VS OS INVASORES DO BREJO","MASTER SYSTEM","1995","PLATAFORMA","","",""
"SAPO XULÉ: O MESTRE DO KUNG FU","MASTER SYSTEM","1995","BEAT 'EM UP","","",""
"SAPO XULÉ: S.O.S LAGOA POLUÍDA","MASTER SYSTEM","1995","SHOOT 'EM UP","","",""
"SUPER SIDEKICKS 3: THE NEXT GLORY","NEO GEO CD","1995","ESPORTE","","",""
"GERALDINHO","MASTER SYSTEM","1995","AÇÃO","","",""
"PHANTASMAGORIA","STEAM/PC","1995","FILME INTERATIVO","","",""
"TRUE LIES","SNES","1995","SHOOT 'EM UP","","",""
"90 MINUTES: EUROPEAN PRIME GOAL","SNES","1995","ESPORTE","","",""
"HEXEN: BEYOND HERETIC","STEAM/PC","1995","FPS","","",""
"FIRE & ICE","MASTER SYSTEM","1995","PLATAFORMA","","",""
"ARCHER MACLEAN'S DROPZONE","SNES","1995","SHOOT 'EM UP","","",""
"CHRONO TRIGGER","STEAM/PC","1995","RPG","","",""
"THE AMAZING SPIDER-MAN: LETHAL FOES","SNES","1995","PLATAFORMA","","",""
"VIRTUA FIGHTER 2","SEGA SATURN","1995","LUTA","","",""
"DAYTONA USA","SEGA SATURN","1995","CORRIDA","","",""
"SUPER FORMATION SOCCER 95: DELLA SERIE A","SNES","1995","ESPORTE","","",""
"STREET FIGHTER: THE MOVIE","ARCADE","1995","LUTA","","",""
"SUPER STREET FIGHTER II: THE NEW CHALLENGERS","AMIGA","1995","LUTA","","",""
"GOAL! GOAL! GOAL!","NEO GEO","1995","ESPORTE","","",""
"HERMIE HOPPERHEAD: SCRAP PANIC","PLAYSTATION 1","1995","PLATAFORMA","","",""
"RIDGE RACER REVOLUTION","PLAYSTATION 1","1995","CORRIDA","","",""
"WORMS","STEAM/PC","1995","ESTRATÉGIA","","",""
"SENSIBLE WORLD OF SOCCER: EUROPEAN CHAMPIONSHIP EDITION","STEAM/PC","1995","ESPORTE","","",""
"SUPER BOMBERMAN 3","SNES","1995","ESTRATÉGIA","","",""
"GEX","3DO","1995","PLATAFORMA","","",""
"SPARK WORLD","SNES","1995","ESTRATÉGIA","","",""
"KIRBY'S BLOCK BALL","GAME BOY","1995","BREAKOUT","","",""
"ASTAL","SEGA SATURN","1995","PLATAFORMA","","",""
"PREHISTORIK MAN","SNES","1995","PLATAFORMA","","",""
"ASTERIX & OBELIX","GAME BOY COLOR","1995","PLATAFORMA","","",""
"SPIDER-MAN & VENOM: SEPARATION ANXIETY","MEGA DRIVE","1995","BEAT 'EM UP","","",""
"FIFA 96","SEGA SATURN","1995","ESPORTE","","",""
"GARGOYLES","SNES","1995","PLATAFORMA","","",""
"THE PUNISHER","MEGA DRIVE","1995","BEAT 'EM UP","","",""
"SEGA RALLY CHAMPIONSHIP","SEGA SATURN","1995","CORRIDA","","",""
"SUPER MARIO WORLD 2: YOSHI'S ISLAND","SNES","1995","PLATAFORMA","","",""
"NBA JAM TOURNAMENT EDITION","PLAYSTATION 1","1995","ESPORTE","","",""
"DRAGON BALL Z ULTIMATE BATTLE 22","PLAYSTATION 1","1995","LUTA","","",""
"INTERNATIONAL SUPERSTAR SOCCER DELUXE","SNES","1995","ESPORTE","","",""
"THE OUTFOXIES","ARCADE","1995","LUTA","","",""
"FRANKENSTEIN: ATRAVÉS DOS OLHOS DO MONSTRO","STEAM/PC","1995","ADVENTURE","","",""
"ASTRAL BOUT 3","SNES","1995","LUTA","","",""
"FULL THROTTLE","STEAM/PC","1995","ADVENTURE","","",""
"SUPER TURRICAN 2","SNES","1995","RUN AND GUN","","",""
"WARLOCK","SNES","1995","PLATAFORMA","","",""
"THE OOZE","MEGA DRIVE","1995","AÇÃO","","",""
"ROAD RASH 3","MEGA DRIVE","1995","CORRIDA","","",""
"VIRTUA FIGHTER","SEGA 32X","1995","LUTA","","",""
"WIPEOUT","PLAYSTATION 1","1995","CORRIDA","","",""
"TAILS ADVENTURE","GAME GEAR","1995","PLATAFORMA","","",""
"COMMAND & CONQUER","STEAM/PC","1995","RTS","","",""
"VECTORMAN","MEGA DRIVE","1995","AÇÃO","","",""
"MORTAL KOMBAT II","SEGA 32X","1995","LUTA","","",""
"TERRANIGMA","SNES","1995","RPG","","",""
"LEGEND OF ILLUSION STARRING MICKEY MOUSE","GAME GEAR","1995","AÇÃO","","",""
"DRAGON BALL Z SHIN BUTODEN","SEGA SATURN","1995","LUTA","","",""
"DISNEY'S THE LION KING","NINTENDINHO","1995","PLATAFORMA","","",""
"THE MASK - O MÁSKARA","SNES","1995","PLATAFORMA","","",""
"BERMUDA SYNDROME","STEAM/PC","1995","PLATAFORMA","","",""
"WORLD CUP VOLLEY '95","ARCADE","1995","ESPORTE","","",""
"TOP GEAR 3000","SNES","1995","CORRIDA","","",""
"MORTAL KOMBAT 3","MEGA DRIVE","1995","LUTA","","",""
"TWISTED METAL","PLAYSTATION 1","1995","COMBATE DE VEÍCULOS","","",""
"UNDERCOVER COPS","SNES","1995","BEAT 'EM UP","","",""
"LOONEY TUNES B-BALL","SNES","1995","ESPORTE","","",""
"KNUCKLE'S CHAOTIX","SEGA 32X","1995","PLATAFORMA","","",""
"KOLIBRI","SEGA 32X","1995","SHOOT 'EM UP","","",""
"CUTTHROAT ISLAND (A ILHA DA GARGANTA CORTADA)","SNES","1995","BEAT 'EM UP","","",""
"X-MEN 2: CLONE WARS","MEGA DRIVE","1995","PLATAFORMA","","",""
"TEKKEN","PLAYSTATION 1","1995","LUTA","","",""
"THE DIG","STEAM/PC","1995","ADVENTURE","","",""
"DISNEY'S MAGICAL QUEST 3 STARRING MICKEY AND DONALD","SNES","1995","PLATAFORMA","","",""
"ALIEN SOLDIER","MEGA DRIVE","1995","SHOOT 'EM UP","","",""
"COMIX ZONE","MEGA DRIVE","1995","BEAT 'EM UP","","",""
"RISTAR","MEGA DRIVE","1995","PLATAFORMA","","",""
"POWER DRIVER RALLY","ATARI JAGUAR","1995","CORRIDA","","",""
"RENDERING RANGER: R2","SNES","1995","AÇÃO","","",""
"PHANTOM 2040","SNES","1995","AÇÃO","","",""
"LIGHT CRUSADER","MEGA DRIVE","1995","RPG","","",""
"PORKY PIG'S HAUNTED HOLIDAY","SNES","1995","TERROR","","",""
"DESTRUCTION DERBY","STEAM/PC","1995","COMBATE DE VEÍCULOS","","",""
"MIGHTY MORPHIN POWER RANGERS: THE MOVIE","SNES","1995","BEAT 'EM UP","","",""
"SUPER SKIDMARKS","AMIGA","1995","CORRIDA","","",""
"KILLER INSTINCT","SNES","1995","LUTA","","",""
"TOY STORY (DISNEY'S TOY STORY)","MEGA DRIVE","1995","AÇÃO","","",""
"SUIKODEN","PLAYSTATION 1","1995","RPG","","",""
"DONALD IN THE MAGIC CAP (DONALD DUCK NO MAHOU NO BOUSHI)","SNES","1995","PLATAFORMA","","",""
"ANE-SAN","PC ENGINE","1995","BEAT 'EM UP","","",""
"IRON COMMANDO","SNES","1995","BEAT 'EM UP","","",""
"NEKKETSU OYAKO","SEGA SATURN","1995","BEAT 'EM UP","","",""
"DONKEY KONG LAND","GAME BOY","1995","PLATAFORMA","","",""
"DONKEY KONG COUNTRY 2: DIDD'S KONG QUEST","SNES","1995","PLATAFORMA","","",""
"MEGA MAN 7","SNES","1995","PLATAFORMA","","",""
"MEGA MAN X3","3DO","1995","PLATAFORMA","","",""
"DEMOLITION MAN","MEGA DRIVE","1995","AÇÃO","","",""
"METAL WARRIORS","SNES","1995","PLATAFORMA","","",""
"DESCENT","STEAM/PC","1995","FPS","","",""
"J.LEAGUE PRO STRIKER FINAL STAGE","MEGA DRIVE","1995","ESPORTE","","",""
"EARTHWORM JIM 2","SNES","1995","PLATAFORMA","","",""
"GOAL STORM","PLAYSTATION 1","1995","ESPORTE","","",""
"RAPID RELOAD (aka. GUNNERS HEAVEN)","PLAYSTATION 1","1995","SHOOT 'EM UP","","",""
"KILLER INSTINCT GOLD","NINTENDO 64","1996","LUTA","","",""
"THREE DIRTY DWARVES","SEGA SATURN","1996","BEAT 'EM UP","","",""
"DUKE NUKEM 3D","STEAM/PC","1996","FPS","","",""
"BLOOD OMEN: LEGACY OF KAIN","PLAYSTATION 1","1996","AÇÃO","","",""
"DRAGON BALL Z HYPER DIMENSION","SNES","1996","LUTA","","",""
"FINAL DOOM","STEAM/PC","1996","FPS","","",""
"TWISTED METAL 2","PLAYSTATION 1","1996","COMBATE DE VEÍCULOS","","",""
"TEKKEN 2","PLAYSTATION 1","1996","LUTA","","",""
"SID MEIE'RS CIVILIZATION II","STEAM/PC","1996","ESTRATÉGIA","","",""
"DARKSTALKERS: THE NIGHT WARRIORS","PLAYSTATION 1","1996","LUTA","","",""
"NIGHT WARRIORS: DARKSTALKERS' REVENGE","SEGA SATURN","1996","LUTA","","",""
"DISNEY'S PINOCCHIO","SNES","1996","PUZZLE","","",""
"RAGE RACER","PLAYSTATION 1","1996","CORRIDA","","",""
"TECMO WORLD SOCCER 96","NEO GEO","1996","ESPORTE","","",""
"WIPEOUT 2097","PLAYSTATION 1","1996","CORRIDA","","",""
"DRAGON BALL Z IDAINARU DRAGON BALL DENSETSU","SEGA SATURN","1996","LUTA","","",""
"TIME COMMANDO","STEAM/PC","1996","ADVENTURE","","",""
"THE KING OF FIGHTERS '95","SEGA SATURN","1996","LUTA","","",""
"THE KING OF FIGHTERS '96","SEGA SATURN","1996","LUTA","","",""
"DESTRUCTION DERBY 2","PLAYSTATION 1","1996","COMBATE DE VEÍCULOS","","",""
"COMMAND & CONQUER: RED ALERT","STEAM/PC","1996","RTS","","",""
"GEKISOU SENTAI CARRANGER: ZENKAI! RACER SENSHI","FAMITURBO","1996","PLATAFORMA","","",""
"SONIC 3D BLAST","MEGA DRIVE","1996","PLATAFORMA","","",""
"WAVE RACE 64","NINTENDO 64","1996","CORRIDA","","",""
"TEKKEN (NINTENDINHO)","NINTENDINHO","1996","LUTA","","",""
"SUPER BOMBERMAN 4","SNES","1996","ESTRATÉGIA","","",""
"SATURN BOMBERMAN","SEGA SATURN","1996","ESTRATÉGIA","","",""
"X-MEN: MOJO WORLD","MASTER SYSTEM","1996","AÇÃO","","",""
"SKELEKTON WARRIORS","SEGA SATURN","1996","BEAT 'EM UP","","",""
"INTERNATIONAL SUPERSTAR SOCCER DELUXE","MEGA DRIVE","1996","ESPORTE","","",""
"RONALDINHO SOCCER 97","SNES","1996","ESPORTE","","",""
"SENSIBLE WORLD OF SOCCER 96-97","STEAM/PC","1996","ESPORTE","","",""
"MAUI MALLARD IN COLD SHADOW","STEAM/PC","1996","PLATAFORMA","","",""
"ULTIMATE MORTAL KOMBAT 3","SEGA SATURN","1996","LUTA","","",""
"MR. BONES","SEGA SATURN","1996","MINIGAMES","","",""
"NBA JAM EXTREME","SEGA SATURN","1996","ESPORTE","","",""
"FATAL FURY 3: ROAD TO THE FINAL VICTORY","SEGA SATURN","1996","LUTA","","",""
"SPACE JAM","PLAYSTATION 1","1996","ESPORTE","","",""
"STREET FIGHTER ALPHA: WARRIOR'S DREAMS","SEGA SATURN","1996","LUTA","","",""
"VICTORY GOAL '96","SEGA SATURN","1996","ESPORTE","","",""
"ALIEN TRILOGY","SEGA SATURN","1996","FPS","","",""
"NIGHTS INTO DREAMS","SEGA SATURN","1996","AÇÃO","","",""
"TOMB RAIDER","SEGA SATURN","1996","AÇÃO","","",""
"TENCHI WO KURAU 2: SEKIHEKI NO TATAKAI (AKA. WARRIORS OF FATE)","PLAYSTATION 1","1996","BEAT 'EM UP","","",""
"CEDRIC AND THE LOST SCEPTRE","AMIGA","1996","PLATAFORMA","","",""
"BUBSY 3D","PLAYSTATION 1","1996","PLATAFORMA","","",""
"DEATH RALLY","STEAM/PC","1996","CORRIDA","","",""
"BS SUPER MARIO USA","SATELLAVIEW","1996","PLATAFORMA","","",""
"VECTORMAN 2","MEGA DRIVE","1996","PLATAFORMA","","",""
"SPIDER-MAN: WEB OF FIRE","SEGA 32X","1996","AÇÃO","","",""
"CRASH BANDICOOT 1","PLAYSTATION 1","1996","PLATAFORMA","","",""
"NEO DRIFT OUT: NEW TECHNOLOGY","NEO GEO","1996","CORRIDA","","",""
"STAR OCEAN","SNES","1996","RPG","","",""
"MICROSOFT SOCCER","STEAM/PC","1996","ESPORTE","","",""
"ATLANTA OLYMPIC GAMES","PLAYSTATION 1","1996","ESPORTE","","",""
"QUAKE","STEAM/PC","1996","FPS","","",""
"DECATHLETE","SEGA SATURN","1996","ESPORTE","","",""
"KIRBY SUPER STAR","SNES","1996","PLATAFORMA","","",""
"PILOTWINGS 64","NINTENDO 64","1996","SIMULAÇÃO","","",""
"ABUSE","STEAM/PC","1996","RUN AND GUN","","",""
"PUNKY SKUNK","PLAYSTATION 1","1996","PLATAFORMA","","",""
"HARVEST MOON","SNES","1996","FAZENDINHA","","",""
"FÉRIAS FRUSTRADAS DO PICA PAU","MEGA DRIVE","1996","PLATAFORMA","","",""
"AS AVENTURAS DA TV COLOSSO","MASTER SYSTEM","1996","AÇÃO","","",""
"DONKEY KONG LAND 2","GAME BOY","1996","PLATAFORMA","","",""
"DONKEY KONG COUNTRY 3: DIXIE KONG'S DOUBLE TROUBLE!","SNES","1996","PLATAFORMA","","",""
"THE ULTIMATE 11: SNK FOOTBALL CHAMPIONSHIP","ARCADE","1996","ESPORTE","","",""
"SUPER MARIO RPG: LEGEND OD THE SEVEN STARS","SNES","1996","RPG","","",""
"FRONT MISSION: GUN HAZARD","SNES","1996","SHOOT 'EM UP","","",""
"GUARDIAN HEROES","SEGA SATURN","1996","BEAT 'EM UP","","",""
"RESIDENT EVIL","PLAYSTATION 1","1996","SURVIVAL HORROR","","",""
"COOL BOARDERS","PLAYSTATION 1","1996","ESPORTE","","",""
"MARVEL SUPER HEROES: WAR OF THE GEMS","SNES","1996","BEAT 'EM UP","","",""
"STREET FIGHTER ALPHA 2","SEGA SATURN","1996","LUTA","","",""
"DISNEY'S POCAHONTAS","MEGA DRIVE","1996","PLATAFORMA","","",""
"MEGA MAN 8","PLAYSTATION 1","1996","PLATAFORMA","","",""
"ART OF FIGHTING 3: THE PATH OF THE WARRIOR","NEO GEO","1996","LUTA","","",""
"SONIC THE FIGHTERS","ARCADE","1996","LUTA","","",""
"METAL SLUG: SUPER VEHICLE-001","PLAYSTATION 1","1996","SHOOT 'EM UP","","",""
"SUPER MARIO 64","NINTENDO 64","1996","PLATAFORMA","","",""
"MARIO KART 64","NINTENDO 64","1996","CORRIDA","","",""
"MARVELOUS: MŌHITOTSU NO TAKARAJIMA","SNES","1996","PUZZLE","","",""
"KILLER INSTINCT 2","ARCADE","1996","LUTA","","",""
"STRIFE","STEAM/PC","1996","FPS","","",""
"SOUL EDGE","PLAYSTATION 1","1996","LUTA","","",""
"INTERNATIONAL SUPERSTAR SOCCER DELUXE","PLAYSTATION 1","1997","ESPORTE","","",""
"THE LOST WORLD: JURASSIC PARK","GAME GEAR","1997","PLATAFORMA","","",""
"DOOM 64","NINTENDO 64","1997","FPS","","",""
"QUAKE II","STEAM/PC","1997","FPS","","",""
"INTERNATIONAL SUPERSTAR SOCCER 64","NINTENDO 64","1997","ESPORTE","","",""
"INTERNATIONAL SUPERSTAR SOCCER PRO","PLAYSTATION 1","1997","ESPORTE","","",""
"X-MEN VS STREET FIGHTER","SEGA SATURN","1997","LUTA","","",""
"HEXEN II","STEAM/PC","1997","FPS","","",""
"CHEX QUEST","STEAM/PC","1997","FPS","","",""
"X-MEN: THE RAVAGES OF APOCALYPSE","STEAM/PC","1997","FPS","","",""
"TOMB RAIDER II","STEAM/PC","1997","AÇÃO","","",""
"DIABLO","STEAM/PC","1997","RPG","","",""
"CLAYFIGHTER 63⅓","NINTENDO 64","1997","LUTA","","",""
"SENSIBLE WORLD OF SOCCER 97-98","AMIGA","1997","ESPORTE","","",""
"VIRTUA FIGHTER ANIMATION","MASTER SYSTEM","1997","LUTA","","",""
"DUKE NUKEM: TOTAL MELTDOWN","PLAYSTATION 1","1997","FPS","","",""
"DUKE NUKEM 64","NINTENDO 64","1997","FPS","","",""
"STREET FIGHTER EX","PLAYSTATION 1","1997","LUTA","","",""
"SEGA WORLDWIDE SOCCER 98","SEGA SATURN","1997","ESPORTE","","",""
"SUPER BOMBERMAN 5","SNES","1997","ESTRATÉGIA","","",""
"ATOMIC BOMBERMAN","STEAM/PC","1997","ESTRATÉGIA","","",""
"BOMBERMAN 64","NINTENDO 64","1997","ESTRATÉGIA","","",""
"REDNECK RAMPAGE","STEAM/PC","1997","FPS","","",""
"REAL BOUT FATAL FURY","PLAYSTATION 1","1997","LUTA","","",""
"DIDDY KONG RACING","NINTENDO 64","1997","CORRIDA","","",""
"RAMPAGE WORLD TOUR","PLAYSTATION 1","1997","AÇÃO","","",""
"KAIZOU CHOUJIN SCHBIBINMAN ZERO","SATELLAVIEW","1997","BEAT 'EM UP","","",""
"GRAN TURISMO","PLAYSTATION 1","1997","CORRIDA","","",""
"ODDWORLD: ABE'S ODDYSEE","PLAYSTATION 1","1997","PLATAFORMA","","",""
"BS F-ZERO GRAND PRIX 2","SATELLAVIEW","1997","CORRIDA","","",""
"FIFA 97","SEGA SATURN","1997","ESPORTE","","",""
"FIFA SOCCER 64","NINTENDO 64","1997","ESPORTE","","",""
"DEAD OR ALIVE","SEGA SATURN","1997","LUTA","","",""
"NEED FOR SPEED II","PLAYSTATION 1","1997","CORRIDA","","",""
"TOMBA!","PLAYSTATION 1","1997","METROIDVANIA","","",""
"FINAL FANTASY VII","PLAYSTATION 1","1997","RPG","","",""
"BLOOD","STEAM/PC","1997","FPS","","",""
"FALLOUT","STEAM/PC","1997","RPG","","",""
"SPIDER: THE VIDEO GAME","PLAYSTATION 1","1997","PLATAFORMA","","",""
"SONIC R","SEGA SATURN","1997","CORRIDA","","",""
"CROC: LEGEND OF THE GOBBOS","STEAM/PC","1997","PLATAFORMA","","",""
"SONIC JAM","SEGA SATURN","1997","PLATAFORMA","","",""
"CASTELO RÁ-TIM-BUM","MASTER SYSTEM","1997","AÇÃO","","",""
"STREET FIGHTER III: NEW GENERATION","DREAMCAST","1997","LUTA","","",""
"CRASH BANDICOOT 2: CORTEX STRIKES BACK","PLAYSTATION 1","1997","PLATAFORMA","","",""
"TUROK: DINOSAUR HUNTER","NINTENDO 64","1997","FPS","","",""
"THE LOST VIKINGS 2","SNES","1997","PLATAFORMA","","",""
"STAR FOX 64","NINTENDO 64","1997","NAVE","","",""
"WORMS 2","STEAM/PC","1997","ESTRATÉGIA","","",""
"PANZER BANDIT","PLAYSTATION 1","1997","BEAT 'EM UP","","",""
"KLONOA: DOOR TO PHANTOMILE","PLAYSTATION 1","1997","PLATAFORMA","","",""
"SILHOUETTE MIRAGE","SEGA SATURN","1997","PLATAFORMA","","",""
"JERSEY DEVIL","PLAYSTATION 1","1997","PLATAFORMA","","",""
"TOP GEAR RALLY","NINTENDO 64","1997","CORRIDA","","",""
"FIFA 64","NINTENDO 64","1997","ESPORTE","","",""
"DILBERT'S DESKTOP GAMES (THE TECHNO RAIDERS)","STEAM/PC","1997","PLATAFORMA","","",""
"THEME HOSPITAL","STEAM/PC","1997","TYCOON","","",""
"SPEEDBOAT ATTACK","STEAM/PC","1997","CORRIDA","","",""
"POD: PLANET OF DEATH","STEAM/PC","1997","CORRIDA","","",""
"RISING LANDS","STEAM/PC","1997","RTS","","",""
"SPEEDSTER","PLAYSTATION 1","1997","CORRIDA","","",""
"KIRBY'S DREAM LAND 3","SNES","1997","PLATAFORMA","","",""
"MORTAL KOMBAT MYTHOLOGIES: SUB ZERO","PLAYSTATION 1","1997","LUTA","","",""
"MISCHIEF MAKERS","NINTENDO 64","1997","PLATAFORMA","","",""
"STREET FIGHTER II","MASTER SYSTEM","1997","LUTA","","",""
"ELEVATOR ACTION RETURNS (AKA. ELEVATOR ACTION II)","SEGA SATURN","1997","RUN AND GUN","","",""
"AGE OF EMPIRES","STEAM/PC","1997","ESTRATÉGIA","","",""
"FIGHTING FORCE","PLAYSTATION 1","1997","BEAT 'EM UP","","",""
"DRAGON BALL GT: FINAL BOUT","PLAYSTATION 1","1997","LUTA","","",""
"GUIMO","STEAM/PC","1997","PLATAFORMA","","",""
"GOLDENEYE 007","NINTENDO 64","1997","FPS","","",""
"DISNEY'S HERCULES","STEAM/PC","1997","PLATAFORMA","","",""
"ENEMY: TEMPEST OF VIOLENCE","AMIGA","1997","PLATAFORMA","","",""
"MEGA MAN X4","SEGA SATURN","1997","PLATAFORMA","","",""
"CASTLEVANIA: SYMPHONY OF THE NIGHT","PLAYSTATION 1","1997","ACTION RPG","","",""
"FIFA: ROAD TO WORLD CUP 98","NINTENDO 64","1997","ESPORTE","","",""
"GRAND THEFT AUTO I","STEAM/PC","1997","MUNDO ABERTO","ZERADO","7,7",""
"SENSIBLE SOCCER 98","STEAM/PC","1997","ESPORTE","","",""
"MICKEY'S ULTIMATE CHALLENGE","MASTER SYSTEM","1998","PUZZLE","","",""
"SIN","STEAM/PC","1998","FPS","","",""
"HERETIC II","STEAM/PC","1998","FPS","","",""
"MORTAL KOMBAT 4","PLAYSTATION 1","1998","LUTA","","",""
"VIRTUA FIGHTER 3","DREAMCAST","1998","LUTA","","",""
"MEGA MAN & BASS","SNES","1998","PLATAFORMA","","",""
"THE KING OF FIGHTERS '97","SEGA SATURN","1998","LUTA","","",""
"SPEEDY BLUPI (AKA. SPEEDY EGGBERT)","STEAM/PC","1998","PLATAFORMA","","",""
"NIGHTMARE BUSTERS","SNES","1998","SHOOT 'EM UP","","",""
"RESIDENT EVIL 2","PLAYSTATION 1","1998","SURVIVAL HORROR","","",""
"VIGILANTE 8","PLAYSTATION 1","1998","COMBATE DE VEÍCULOS","","",""
"MARVEL SUPER HEROES VS. STREET FIGHTER","SEGA SATURN","1998","LUTA","","",""
"LUCIFER RING","PLAYSTATION 1","1998","BEAT 'EM UP","","",""
"POKÉMON RED VERSION","GAME BOY COLOR","1998","RPG","","",""
"BRAVE FENCER MUSASHI","PLAYSTATION 1","1998","RPG","","",""
"J.LEAGUE JIKKYOU HONOO NO STRIKER","SEGA SATURN","1998","ESPORTE","","",""
"C","PLAYSTATION 1","1998","LUTA","","",""
"ROAD RASH 3D","PLAYSTATION 1","1998","CORRIDA","","",""
"WIPEOUT 64","NINTENDO 64","1998","CORRIDA","","",""
"WIPEOUT 3","PLAYSTATION 1","1998","CORRIDA","","",""
"F-ZERO X","NINTENDO 64","1998","CORRIDA","","",""
"BOMBERMAN WORLD","PLAYSTATION 1","1998","ESTRATÉGIA","","",""
"BOMBERMAN PARTY EDITION","PLAYSTATION 1","1998","ESTRATÉGIA","","",""
"NBA JAM 99","NINTENDO 64","1998","ESPORTE","","",""
"METAL GEAR SOLID","PLAYSTATION 1","1998","AÇÃO","","",""
"STARSHIP TITANIC","STEAM/PC","1998","ADVENTURE","","",""
"GRIM FANDANGO","STEAM/PC","1998","ADVENTURE","","",""
"TEKKEN 3","PLAYSTATION 1","1998","LUTA","","",""
"WORLD CUP 98 FRANCE","PLAYSTATION 1","1998","ESPORTE","","",""
"STARCRAFT","STEAM/PC","1998","RTS","","",""
"NEED FOR SPEED III: HOT PURSUIT","PLAYSTATION 1","1998","CORRIDA","","",""
"FALLOUT 2","STEAM/PC","1998","RPG","","",""
"GEX: ENTER THE GECKO","PLAYSTATION 1","1998","PLATAFORMA","","",""
"GEX: ENTER THE GECKO","GAME BOY COLOR","1998","PLATAFORMA","","",""
"PANZER DRAGOON SAGA","SEGA SATURN","1998","RPG","","",""
"FIFA 99","NINTENDO 64","1998","ESPORTE","","",""
"BANJO-KAZOOIE","NINTENDO 64","1998","PLATAFORMA","","",""
"SOUTH PARK","NINTENDO 64","1998","FPS","","",""
"A BUG'S LIFE","PLAYSTATION 1","1998","PLATAFORMA","","",""
"QUACKSHOT","SEGA SATURN","1998","PLATAFORMA","","",""
"TWISTED METAL III","PLAYSTATION 1","1998","COMBATE DE VEÍCULOS","","",""
"SKULLMONKEYS","PLAYSTATION 1","1998","PLATAFORMA","","",""
"CRISIS BEAT","PLAYSTATION 1","1998","BEAT 'EM UP","","",""
"DUKE NUKEM: TIME TO KILL","PLAYSTATION 1","1998","TIRO EM TERCEIRA PESSOA","","",""
"JAZZ JACKRABBIT 2","STEAM/PC","1998","PLATAFORMA","","",""
"GUNBEE F-99 (AKA. GUNBEE-F99)","AMIGA","1998","SHOOT 'EM UP","","",""
"R4: RIDGE RACER TYPE 4","PLAYSTATION 1","1998","CORRIDA","","",""
"FROGGER","SNES","1998","AÇÃO","","",""
"CAPTAIN COMMANDO","PLAYSTATION 1","1998","BEAT 'EM UP","","",""
"TAIL CONCERTO","PLAYSTATION 1","1998","AÇÃO","","",""
"WILD 9","PLAYSTATION 1","1998","PLATAFORMA","","",""
"HALF-LIFE","STEAM/PC","1998","FPS","","",""
"LIBEROGRANDE","PLAYSTATION 1","1998","ESPORTE","","",""
"RIVEN: A SEQUÊNCIA DE MYST","SEGA SATURN","1998","ADVENTURE","","",""
"SÍTIO DO PICAPAU AMARELO","MASTER SYSTEM","1998","AÇÃO","","",""
"MARIO PARTY","NINTENDO 64","1998","PARTY GAME","","",""
"NEO GEO CUP '98: THE ROAD TO THE VICTORY","NEO GEO","1998","ESPORTE","","",""
"1993","MASTER SYSTEM","1998","AÇÃO","","",""
"TOP GEAR OVERDRIVE","NINTENDO 64","1998","CORRIDA","","",""
"KNOCKOUT KINGS","PLAYSTATION 1","1998","LUTA","","",""
"THIEF: THE DARK PROJECT","STEAM/PC","1998","STEALTH","","",""
"BALDUR'S GATE","STEAM/PC","1998","RPG","","",""
"SONIC ADVENTURE","DREAMCAST","1998","PLATAFORMA","","",""
"MEDIEVIL","PLAYSTATION 1","1998","AÇÃO","","",""
"INTERNATIONAL SUPERSTAR SOCCER PRO 98","PLAYSTATION 1","1998","ESPORTE","","",""
"UEFA CHAMPIONS LEAGUE: SEASON 1998/1999","PLAYSTATION 1","1998","ESPORTE","","",""
"TOMB RAIDER III: ADVENTURES OF LARA CROFT","STEAM/PC","1998","AÇÃO","","",""
"S.C.A.R.S.","PLAYSTATION 1","1998","CORRIDA","","",""
"CRASH BANDICOOT: WARPED","PLAYSTATION 1","1998","PLATAFORMA","","",""
"SPYRO THE DRAGON","PLAYSTATION 1","1998","PLATAFORMA","","",""
"EXTREME VOLLEYBALL INFERNAL LEAGUE","STEAM/PC","1998","ESPORTE","","",""
"SILVER VALLEY","MASTER SYSTEM","1998","PLATAFORMA","","",""
"THE VARGINHA INCIDENT","STEAM/PC","1998","FPS","","",""
"TENCHU: STEALTH ASSASSINS","PLAYSTATION 1","1998","AÇÃO","","",""
"WARIO LAND II","GAME BOY COLOR","1998","PLATAFORMA","","",""
"COMMANDOS: BEHIND ENEMY LINES","STEAM/PC","1998","ESTRATÉGIA","","",""
"ODDWORLD: ABE'S EXODDUS","PLAYSTATION 1","1998","PLATAFORMA","","",""
"THE KING OF FIGHTERS R-1","NEO GEO POCKET","1998","LUTA","","",""
"SENSIBLE SOCCER 98 EUROPEAN CLUB EDITION","PLAYSTATION 1","1998","ESPORTE","","",""
"THE LEGEND OF ZELDA: OCARINA OF TIME","NINTENDO 64","1998","RPG","","",""
"SOULCALIBUR","DREAMCAST","1999","LUTA","","",""
"VIRTUA STRIKER 2","DREAMCAST","1999","ESPORTE","","",""
"KNOCKOUT KINGS 2000","PLAYSTATION 1","1999","LUTA","","",""
"MARIO PARTY 2","NINTENDO 64","1999","PARTY GAME","","",""
"DYNAMITE COP","DREAMCAST","1999","BEAT 'EM UP","","",""
"CASTLEVANIA (64)","NINTENDO 64","1999","AÇÃO","","",""
"CASTLEVANIA: LEGACY OF DARKNESS","NINTENDO 64","1999","AÇÃO","","",""
"SILENT BOMBER","PLAYSTATION 1","1999","AÇÃO","","",""
"APE ESCPAE","PLAYSTATION 1","1999","PLATAFORMA","","",""
"YU-GI-OH! FORBIDDEN MEMORIES","PLAYSTATION 1","1999","CARDGAME","","",""
"RESIDENT EVIL 3: NEMESIS","PLAYSTATION 1","1999","SURVIVAL HORROR","","",""
"THE LEGEND OF DRAGOON","PLAYSTATION 1","1999","RPG","","",""
"SPYRO 2: RIPTO'S RAGE!","PLAYSTATION 1","1999","PLATAFORMA","","",""
"TOMBA! 2: THE EVIL SWINE RETURN","PLAYSTATION 1","1999","PLATAFORMA","","",""
"TOY STORY 2? BUZZ LIGHTYEAR TO THE RESCUE","PLAYSTATION 1","1999","PLATAFORMA","","",""
"INTERNATIONAL SUPERSTAR SOCCER 2000","NINTENDO 64","1999","ESPORTE","","",""
"POKÉMON GOLD / SILVER","GAME BOY COLOR","1999","RPG","","",""
"SIMCITY 3000","STEAM/PC","1999","CITY BUILDING","","",""
"KINGPIN: LIFE OF CRIME","STEAM/PC","1999","FPS","","",""
"AGE OF EMPIRES II","STEAM/PC","1999","ESTRATÉGIA","","",""
"FIFA 2000","PLAYSTATION 1","1999","ESPORTE","","",""
"GRAND THEFT AUTO: LONDON","STEAM/PC","1999","MUNDO ABERTO","","",""
"STREET FIGHTER ALPHA 3","DREAMCAST","1999","LUTA","","",""
"SILENT HILL","PLAYSTATION 1","1999","SURVIVAL HORROR","","",""
"DONKEY KONG 64","NINTENDO 64","1999","PLATAFORMA","","",""
"PEPSIMAN","PLAYSTATION 1","1999","AÇÃO","","",""
"3XTREME","PLAYSTATION 1","1999","CORRIDA","","",""
"MARVEL VS. CAPCOM: CLASH OF SUPER HEROES","DREAMCAST","1999","LUTA","","",""
"EARTHWORM JIM 3D","STEAM/PC","1999","PLATAFORMA","","",""
"GEX 3: DEEP COVER GECKO","PLAYSTATION 1","1999","PLATAFORMA","","",""
"GEX: DEEP POCKET GECKO","GAME BOY COLOR","1999","PLATAFORMA","","",""
"THE KING OF FIGHTERS '98","PLAYSTATION 1","1999","LUTA","","",""
"TWISTED METAL 4","PLAYSTATION 1","1999","COMBATE DE VEÍCULOS","","",""
"ROAD RASH 64","NINTENDO 64","1999","CORRIDA","","",""
"AKUJI THE HEARTLESS","PLAYSTATION 1","1999","AÇÃO","","",""
"STREET FIGHTER EX2","PLAYSTATION 1","1999","LUTA","","",""
"ZOMBIE REVENGE","DREAMCAST","1999","BEAT 'EM UP","","",""
"NBA SHOWTIME: NBA ON NBC","DREAMCAST","1999","ESPORTE","","",""
"NBA JAM 2000","NINTENDO 64","1999","ESPORTE","","",""
"DUNGEONS & DRAGONS: TOWER OF DOOM","SEGA SATURN","1999","BEAT 'EM UP","","",""
"DUNGEONS & DRAGONS: SHADOWS OVER MYSTARA","SEGA SATURN","1999","BEAT 'EM UP","","",""
"WWF WRESTLEMANIA 2000","NINTENDO 64","1999","LUTA","","",""
"TOP GEAR RALLY 2","NINTENDO 64","1999","CORRIDA","","",""
"007 - TOMORROW NEVER DIES","PLAYSTATION 1","1999","AÇÃO","","",""
"RE-VOLT","NINTENDO 64","1999","CORRIDA","","",""
"STREET FIGHTER III 2ND IMPACT: GIANT ATTACK","DREAMCAST","1999","LUTA","","",""
"THE KING OF FIGHTERS '99: MILLENNIUM BATTLE","NEO GEO CD","1999","LUTA","","",""
"KING OF FIGHTERS R-2","NEO GEO POCKET COLOR","1999","LUTA","","",""
"TONY HAWK'S PRO SKATER","PLAYSTATION 1","1999","ESPORTE","","",""
"TOMB RAIDER: THE LAST REVELATION","STEAM/PC","1999","AÇÃO","","",""
"MORTAL KOMBAT GOLD","DREAMCAST","1999","LUTA","","",""
"SHADOW MAN","DREAMCAST","1999","PLATAFORMA","","",""
"DESTRUCTION DERBY 64","NINTENDO 64","1999","COMBATE DE VEÍCULOS","","",""
"PUMA STREET SOCCER","PLAYSTATION 1","1999","ESPORTE","","",""
"LEGEND OF MANA","PLAYSTATION 1","1999","RPG","","",""
"SUPER SMASH BROS","NINTENDO 64","1999","LUTA","","",""
"SHUI HU FENG YUN ZHUAN","MEGA DRIVE","1999","BEAT 'EM UP","","",""
"DEMOLITION RACER","PLAYSTATION 1","1999","COMBATE DE VEÍCULOS","","",""
"GRAN TURISMO 2","PLAYSTATION 1","1999","CORRIDA","","",""
"CRASH BANDICOOT N. SANE TRILOGY","STEAM/PC","1999","PLATAFORMA","","",""
"NEED FOR SPEED: HIGH STAKES","PLAYSTATION 1","1999","PLATAFORMA","","",""
"T'AI FU: WRATH OF THE TIGER","PLAYSTATION 1","1999","PLATAFORMA","","",""
"FINAL FANTASY VIII","PLAYSTATION 1","1999","RPG","","",""
"DUKE NUKEM: ZERO HOUR","NINTENDO 64","1999","TIRO EM TERCEIRA PESSOA","","",""
"SNOWBOARD KIDS 2","NINTENDO 64","1999","ESPORTE","","",""
"BUG'S BUNNY LOST IN TIME","PLAYSTATION 1","1999","PLATAFORMA","","",""
"MEDAL OF HONOR","PLAYSTATION 1","1999","FPS","","",""
"DRAGON VALOR","PLAYSTATION 1","1999","RPG","","",""
"CHRONO CROSS","PLAYSTATION 1","1999","RPG","","",""
"SYSTEM SHOCK 2","STEAM/PC","1999","FPS","","",""
"ALIEN VERSUS PREDATOR","STEAM/PC","1999","FPS","","",""
"RACING LAGOON","PLAYSTATION 1","1999","CORRIDA","","",""
"TARZAN","PLAYSTATION 1","1999","PLATAFORMA","","",""
"FIGHTING FORCE 2","DREAMCAST","1999","BEAT 'EM UP","","",""
"BHUNTER","STEAM/PC","1999","NAVE","","",""
"WORMS ARMAGEDDON","STEAM/PC","1999","ESTRATÉGIA","","",""
"URBAN CHAOS","STEAM/PC","1999","AÇÃO","","",""
"SEGA WORLDWIDE SOCCER 2000","DREAMCAST","1999","ESPORTE","","",""
"UEFA STRIKER","DREAMCAST","1999","ESPORTE","","",""
"ROLLERCOASTER TYCOON 1","STEAM/PC","1999","TYCOON","","",""
"HYDRO THUNDER","DREAMCAST","1999","CORRIDA","","",""
"STRIDER 2","PLAYSTATION 1","1999","HACK AND SLASH","","",""
"POWER STONE","DREAMCAST","1999","LUTA","","",""
"MARIO GOLF","NINTENDO 64","1999","ESPORTE","","",""
"ELEMENTAL GIMMICK GEAR (EGG)","DREAMCAST","1999","RPG","","",""
"POKEMON PINBALL","GAME BOY COLOR","1999","PINBALL","","",""
"SONIC THE HEDGEHOG: POCKET ADVENTURE","NEO GEO POCKET COLOR","1999","PLATAFORMA","","",""
"METAL SLUG X","STEAM/PC","1999","SHOOT 'EM UP","","",""
"METAL SLUG 1ST MISSION","NEO GEO POCKET COLOR","1999","SHOOT 'EM UP","","",""
"DARK ARMS: BEAST BUSTER","NEO GEO POCKET COLOR","1999","RPG","","",""
"DINO CRISIS","PLAYSTATION 1","1999","SURVIVAL HORROR","","",""
"OUTCAST","STEAM/PC","1999","AÇÃO","","",""
"CRASH TEAM RACING","PLAYSTATION 1","1999","CORRIDA","","",""
"VIRTUA TENNIS 1","DREAMCAST","1999","ESPORTE","","",""
"SURREALIDADE - EXPRESSÕES DO INCONSCIENTE","STEAM/PC","1999","ADVENTURE","","",""
"SHENMUE I & II","STEAM/PC","1999","RPG","","",""
"POKEMON STADIUM","NINTENDO 64","1999","LUTA","","",""
"TOY COMMANDER","DREAMCAST","1999","CORRIDA","","",""
"DRIVER: YOU ARE THE WHEELMAN","PLAYSTATION 1","1999","CORRIDA","","",""
"THE ADVENTURE OF LITTLE RALPH","PLAYSTATION 1","1999","PLATAFORMA","","",""
"INTERNATIONAL SUPERSTAR SOCCER PRO EVOLUTION","PLAYSTATION 1","1999","ESPORTE","","",""
"TOP FIGHTER 2000 MK VIII","MEGA DRIVE","1999","LUTA","","",""
"THE WORLD IS NOT ENOUGH GAME","PLAYSTATION 1","2000","FPS","","",""
"MARVEL VS. CAPCOM 2: NEW AGE OF HEROES","DREAMCAST","2000","LUTA","","",""
"007 RACING","PLAYSTATION 1","2000","CORRIDA","","",""
"HALF-LIFE: COUNTER-STRIKE","STEAM/PC","2000","FPS","","",""
"KNOCKOUT KINGS 2001","PLAYSTATION 1","2000","LUTA","","",""
"TOMB RAIDER: CHRONICLES","STEAM/PC","2000","AÇÃO","","",""
"DUKE NUKEM: LAND OF THE BABES","PLAYSTATION 1","2000","TIRO EM TERCEIRA PESSOA","","",""
"UEFA CHAMPIONS LEAGUE: SEASON 1999/2000","PLAYSTATION 1","2000","ESPORTE","","",""
"THE KING OF FIGHTERS 2000","NEO GEO AES","2000","LUTA","","",""
"SIDNEY 2000 VIDEOGAME","DREAMCAST","2000","ESPORTE","","",""
"DEUS EX","STEAM/PC","2000","FPS","","",""
"FINAL FIGHT REVENGE","SEGA SATURN","2000","LUTA","","",""
"DAVE MIRRA FREESTYLE BMX","PLAYSTATION 1","2000","ESPORTE","","",""
"BALDUR'S GATE II: SHADOWS OF AMN 2000","STEAM/PC","2000","RPG","","",""
"STREET FIGHTER III 3RD STRIKE: FIGHT FOR THE FUTURE","DREAMCAST","2000","LUTA","","",""
"FINAL FANTASY IX","PLAYSTATION 1","2000","RPG","","",""
"AMERICAN MCGEE'S ALICE","STEAM/PC","2000","FPS","","",""
"DIABLO II","STEAM/PC","2000","RPG","","",""
"THE BOUNCER","PLAYSTATION 2","2000","BEAT 'EM UP","","",""
"DESTRUCTION DERBY RAW","PLAYSTATION 1","2000","COMBATE DE VEÍCULOS","","",""
"FIFA 2001","PLAYSTATION 2","2000","ESPORTE","","",""
"PRINCE OF PERSIA 3D","DREAMCAST","2000","AÇÃO","","",""
"RESIDENT EVIL - CODE: VERONICA","DREAMCAST","2000","SURVIVAL HORROR","","",""
"DRIVER 2: BACK ON THE STREETS (AKA. THE WHEELMAN IS BACK)","PLAYSTATION 1","2000","CORRIDA","","",""
"NASCAR RUMBLE","PLAYSTATION 1","2000","CORRIDA","","",""
"CRUIS'N EXOTICA","NINTENDO 64","2000","CORRIDA","","",""
"COUNTER STRIKE 1.0","STEAM/PC","2000","FPS","","",""
"MEDAL OF HONOR: UNDERGROUND","PLAYSTATION 1","2000","FPS","","",""
"METAL SLUG 2ST MISSION","NEO GEO POCKET COLOR","2000","SHOOT 'EM UP","","",""
"MORTAL KOMBAT: SPECIAL FORCES","PLAYSTATION 1","2000","BEAT 'EM UP","","",""
"SUPER MAGNETIC NEO","DREAMCAST","2000","PLATAFORMA","","",""
"DEAD OR ALIVE 2","DREAMCAST","2000","LUTA","","",""
"MAJESTY: THE FANTASY KINGDOM SIM","STEAM/PC","2000","RTS","","",""
"SPYRO 3: YEAR OF THE DRAGON","PLAYSTATION 1","2000","PLATAFORMA","","",""
"TENCHU 2: BIRTH OF THE STEALTH ASSASSINS","PLAYSTATION 1","2000","AÇÃO","","",""
"MARIO PARTY 3","NINTENDO 64","2000","PARTY GAME","","",""
"JACKIE CHAN STUNTMASTER","PLAYSTATION 1","2000","BEAT 'EM UP","","",""
"WARIO LAND 3","GAME BOY COLOR","2000","PLATAFORMA","","",""
"SAFARI KONGO","STEAM/PC","2000","AÇÃO","","",""
"DINO CRISIS 2","PLAYSTATION 1","2000","SURVIVAL HORROR","","",""
"CRAZY TAXI","DREAMCAST","2000","CORRIDA","","",""
"NEED FOR SPEED: PORSCHE UNLEASHED","PLAYSTATION 1","2000","CORRIDA","","",""
"GRAND THEFT AUTO II","STEAM/PC","2000","MUNDO ABERTO","","",""
"MEGA MAN X5","PLAYSTATION 1","2000","PLATAFORMA","","",""
"VAGRANT STORY","PLAYSTATION 1","2000","RPG","","",""
"THIEF II: THE METAL AGE","STEAM/PC","2000","STEALTH","","",""
"RIDGE RACER 64","NINTENDO 64","2000","CORRIDA","","",""
"RIDGE RACER V","PLAYSTATION 2","2000","CORRIDA","","",""
"MEDIEVIL 2","PLAYSTATION 1","2000","AÇÃO","","",""
"DONKEY KONG COUNTRY","GAME BOY COLOR","2000","PLATAFORMA","","",""
"UEFA DREAM SOCCER","DREAMCAST","2000","ESPORTE","","",""
"NIGHTMARE CREATURES II","PLAYSTATION 1","2000","SURVIVAL HORROR","","",""
"STREET FIGHTER EX3","PLAYSTATION 2","2000","LUTA","","",""
"SPIDER-MAN","PLAYSTATION 1","2000","AÇÃO","","",""
"THIS IS FOOTBALL 2","PLAYSTATION 1","2000","ESPORTE","","",""
"ULTIMATE FIGHTING CHAMPIONSHIP (2000)","DREAMCAST","2000","LUTA","","",""
"BANJO-TOOIE","NINTENDO 64","2000","PLATAFORMA","","",""
"ROAD RASH: JAILBREAK","PLAYSTATION 1","2000","CORRIDA","","",""
"LIBEROGRANDE INTERNATIONAL","PLAYSTATION 1","2000","ESPORTE","","",""
"PERFECT DARK","NINTENDO 64","2000","FPS","","",""
"MICKEY'S SPEEDWAY USA","NINTENDO 64","2000","CORRIDA","","",""
"SOUTH PARK RALLY","DREAMCAST","2000","CORRIDA","","",""
"TEKKEN TAG TOURNAMENT","PLAYSTATION 2","2000","LUTA","","",""
"BUZZ LIGHTYEAR OF STAR COMMAND","DREAMCAST","2000","PLATAFORMA","","",""
"MARVEL VS CAPCOM 2: NEW AGE OF HEROES","DREAMCAST","2000","LUTA","","",""
"TOP GEAR HYPER BIKE","NINTENDO 64","2000","CORRIDA","","",""
"TOP GEAR: DARE DEVIL","PLAYSTATION 2","2000","CORRIDA","","",""
"LOONEY TUNES RACING","PLAYSTATION 1","2000","CORRIDA","","",""
"SAN FRANCISCO RUSH 2049","DREAMCAST","2000","CORRIDA","","",""
"DISNEY'S DONALD DUCK: GOIN' QUACKERS","NINTENDO 64","2000","PLATAFORMA","","",""
"DONKEY KONG LAND 3","GAME BOY COLOR","2000","PLATAFORMA","","",""
"METAL SLUG 3","STEAM/PC","2000","SHOOT 'EM UP","","",""
"JET SET RADIO","DREAMCAST","2000","AÇÃO","","",""
"SONIC SHUFFLE","DREAMCAST","2000","PARTY GAME","","",""
"MINI CAR RACING","STEAM/PC","2000","CORRIDA","","",""
"TONY HAWK'S PRO SKATER 2","PLAYSTATION 1","2000","ESPORTE","","",""
"MIDNIGHT CLUB: STREET RACING","PLAYSTATION 2","2000","CORRIDA","","",""
"THE LEGEND OF ZELDA: MAJORA'S MASK","NINTENDO 64","2000","RPG","","",""
"WOODY WOODPECKER RACING","PLAYSTATION 1","2000","CORRIDA","","",""
"MARIO TENNIS","NINTENDO 64","2000","ESPORTE","","",""
"THE POWERPUFF GIRLS: BAD MOJO JOJO","GAME BOY COLOR","2000","PLATAFORMA","","",""
"KIRBY 64: THE CRYSTAL SHARDS","NINTENDO 64","2000","PLATAFORMA","","",""
"THE SIMS","STEAM/PC","2000","SIMULAÇÃO","","",""
"PAPER MARIO","NINTENDO 64","2000","RPG","","",""
"MEGA MAN 64","NINTENDO 64","2000","PLATAFORMA","","",""
"INTERNATIONAL SUPERSTAR SOCCER PRO EVOLUTION 2","PLAYSTATION 1","2000","ESPORTE","","",""
"FINAL FIGHT ONE","GAME BOY ADVANCE","2001","BEAT 'EM UP","","",""
"SUPER MARIO WORLD (SUPER MARIO ADVANCE 2) GBA","GAME BOY ADVANCE","2001","PLATAFORMA","","",""
"BALDUR'S GATE: DARK ALLIANCE","PLAYSTATION 2","2001","RPG","","",""
"TOY STORY RACER","PLAYSTATION 1","2001","CORRIDA","","",""
"SHREK","XBOX","2001","PLATAFORMA","","",""
"MOTOR CITY ONLINE","STEAM/PC","2001","CORRIDA","","",""
"COUNTER-STRIKE 1.3","STEAM/PC","2001","FPS","","",""
"GRAN TURISMO 3: A-SPEC","PLAYSTATION 2","2001","CORRIDA","","",""
"SID MEIER'S CIVILIZATION III","STEAM/PC","2001","ESTRATÉGIA","","",""
"METAL SLUG 2: SUPER VEHICLE - 001/II","PLAYSTATION 1","2001","SHOOT 'EM UP","","",""
"GAROU: MARK OF THE WOLVES","DREAMCAST","2001","LUTA","","",""
"IRIDION 3D","GAME BOY ADVANCE","2001","NAVE","","",""
"THE POWERPUFF GIRLS: CHEMICAL X-TRACTION","NINTENDO 64","2001","LUTA","","",""
"WOODY WOODPECKER: ESCAPE FROM BUZZ BUZZARD PARK","GAME BOY COLOR","2001","PLATAFORMA","","",""
"WOODY WOODPECKER: ESCAPE FROM BUZZ BUZZARD PARK","PLAYSTATION 2","2001","PLATAFORMA","","",""
"NICKTOONS RACING","PLAYSTATION 1","2001","CORRIDA","","",""
"DIGIMON RUMBLE ARENA","PLAYSTATION 1","2001","LUTA","","",""
"THE POWERPUFF GIRLS: MOJO JOJO A-GO-GO","GAME BOY ADVANCE","2001","AÇÃO","","",""
"SILENT HILL 2","PLAYSTATION 2","2001","SURVIVAL HORROR","","",""
"UEFA CHALLENGE","PLAYSTATION 2","2001","ESPORTE","","",""
"THE SIMPSONS WRESTLING","PLAYSTATION 1","2001","LUTA","","",""
"ANIMAL CROSSING","NINTENDO 64","2001","SIMULAÇÃO","","",""
"THE SIMPSONS: ROAD RAGE","GAMECUBE","2001","CORRIDA","","",""
"DEAD OR ALIVE 3","XBOX","2001","LUTA","","",""
"RC DAREDEVIL","STEAM/PC","2001","AÇÃO","","",""
"MORTAL KOMBAT ADVANCE","GAME BOY ADVANCE","2001","LUTA","","",""
"DEVIL MAY CRY","PLAYSTATION 2","2001","HACK AND SLASH","","",""
"VIRTUA STRIKER 3","GAMECUBE","2001","ESPORTE","","",""
"ALIEN VERSUS PREDATOR 2","STEAM/PC","2001","FPS","","",""
"ONIMUSHA: WARLORDS","STEAM/PC","2001","HACK AND SLASH","","",""
"HALO: COMBAT EVOLVED","XBOX","2001","FPS","","",""
"WAVE RACE BLUE STORM","GAMECUBE","2001","CORRIDA","","",""
"SPYRO: SEASON OF ICE","GAME BOY ADVANCE","2001","PLATAFORMA","","",""
"HEADHUNTER","DREAMCAST","2001","AÇÃO","","",""
"BOMBERMAN KART","PLAYSTATION 2","2001","CORRIDA","","",""
"MAXIMO: GHOSTS TO GLORY","PLAYSTATION 2","2001","AÇÃO","","",""
"SHEEP RAIDER","PLAYSTATION 1","2001","PUZZLE","","",""
"WARIO LAND 4","GAME BOY ADVANCE","2001","PLATAFORMA","","",""
"DAVID BECKHAM SOCCER","PLAYSTATION 2","2001","ESPORTE","","",""
"ZIDANE FOOTBALL GENERATION","GAME BOY COLOR","2001","ESPORTE","","",""
"SONIC ADVENTURE 2","DREAMCAST","2001","PLATAFORMA","","",""
"ROCKET POWER: TEAM ROCKET RESCUE","PLAYSTATION 1","2001","ESPORTE","","",""
"SERIOUS SAM: THE FIRST ENCOUNTER","STEAM/PC","2001","FPS","","",""
"WHITE DAY: A LABYRINTH NAMED SCHOOL","STEAM/PC","2001","TERROR","","",""
"THE LEGEND OF ZELDA ORACLE OF SEASONS","GAME BOY COLOR","2001","AÇÃO","","",""
"THE LEGEND OF ZELDA: ORACLE OF AGES","GAME BOY COLOR","2001","AÇÃO","","",""
"WENDY: EVERY WITCH WAY","GAME BOY COLOR","2001","PLATAFORMA","","",""
"MARIO KART: SUPER CIRCUIT","GAME BOY ADVANCE","2001","CORRIDA","","",""
"TWISTED METAL: BLACK","PLAYSTATION 2","2001","COMBATE DE VEÍCULOS","","",""
"TWISTED METAL: SMALL BRAWL","PLAYSTATION 1","2001","COMBATE DE VEÍCULOS","","",""
"SPIDER-MAN 2: THE SINISTER SIX","GAME BOY COLOR","2001","PLATAFORMA","","",""
"PRO EVOLUTION SOCCER (WINNING ELEVEN 5)","PLAYSTATION 2","2001","ESPORTE","","",""
"F-ZERO: MAXIMUM VELOCITY","GAME BOY ADVANCE","2001","CORRIDA","","",""
"WORLD'S SCARIEST POLICE CHASES","PLAYSTATION 1","2001","AÇÃO","","",""
"ALL STAR SLAMMIN D-BALL","PLAYSTATION 1","2001","ESPORTE","","",""
"SUPER SMASH BROS. MELEE","GAMECUBE","2001","LUTA","","",""
"SONIC ADVENTURE 2: BATTLE","GAMECUBE","2001","PLATAFORMA","","",""
"FIFA 2002","GAMECUBE","2001","ESPORTE","","",""
"METAL GEAR SOLID 2: SONS OF LIBERTY","PLAYSTATION 2","2001","STEALTH","","",""
"WORMS WORLD PARTY","STEAM/PC","2001","ESTRATÉGIA","","",""
"FINAL FANTASY X","PLAYSTATION 2","2001","RPG","","",""
"CONKER'S BAD FUR DAY","NINTENDO 64","2001","AÇÃO","","",""
"SPIDER-MAN 2: ENTER ELECTRO","PLAYSTATION 1","2001","AÇÃO","","",""
"MAX PAYNE","XBOX","2001","TIRO EM TERCEIRA PESSOA","","",""
"MEGA MAN X6","PLAYSTATION 1","2001","PLATAFORMA","","",""
"SPONGEBOB SQUAREPANTS: SUPERSPONGE","GAME BOY ADVANCE","2001","PLATAFORMA","","",""
"CRASH BANDICOOT: THE WRATH OF CORTEX","PLAYSTATION 2","2001","PLATAFORMA","","",""
"TROPICO","STEAM/PC","2001","SIMULAÇÃO","","",""
"HARRY POTTER AND THE PHILOSOPHER'S STONE","PLAYSTATION 1","2001","AÇÃO","","",""
"SPIDER-MAN: MYSTERIO'S MENACE","GAME BOY ADVANCE","2001","PLATAFORMA","","",""
"TEKKEN ADVANCE","GAME BOY ADVANCE","2001","LUTA","","",""
"FATAL FRAME","PLAYSTATION 2","2001","TERROR","","",""
"LUIGI'S MANSION","GAMECUBE","2001","TERROR","","",""
"ICO","PLAYSTATION 2","2001","PUZZLE","","",""
"RETURN TO CASTLE WOLFENSTEIN","STEAM/PC","2001","FPS","","",""
"KLONOA 2: LUNATEA'S VEIL","PLAYSTATION 2","2001","PLATAFORMA","","",""
"OUTLIVE","STEAM/PC","2001","ESTRATÉGIA","","",""
"GRAND THEFT AUTO III","STEAM/PC","2002","MUNDO ABERTO","","",""
"SOLDIER OF FORTUNE II: DOUBLE HELIX","STEAM/PC","2002","FPS","","",""
"THE KING OF FIGHTERS 2001","DREAMCAST","2002","LUTA","","",""
"JAZZ JACKRABBIT (2002)","GAME BOY ADVANCE","2002","PLATAFORMA","","",""
"WORMS BLAST","STEAM/PC","2002","PUZZLE","","",""
"SUPER SHOT SOCCER","PLAYSTATION 1","2002","ESPORTE","","",""
"JAMES BOND 007: NIGHTFIRE","GAMECUBE","2002","FPS","","",""
"KNOCKOUT KINGS 2002","XBOX","2002","LUTA","","",""
"KNOCKOUT KINGS 2003","GAMECUBE","2002","LUTA","","",""
"NEED FOR SPEED: HOT PURSUIT 2","XBOX","2002","CORRIDA","","",""
"WIPEOUT FUSION","PLAYSTATION 2","2002","CORRIDA","","",""
"METAL SLUG 4","STEAM/PC","2002","SHOOT 'EM UP","","",""
"SPYRO: SEASON OF FLAME","GAME BOY ADVANCE","2002","PLATAFORMA","","",""
"VIRTUA FIGHTER 4: EVOLUTION","PLAYSTATION 2","2002","LUTA","","",""
"TONY HAWK'S PRO SKATER 3","NINTENDO 64","2002","ESPORTE","","",""
"TONY HAWK'S PRO SKATER 4","PLAYSTATION 2","2002","ESPORTE","","",""
"TOEJAM & EARL III: MISSION TO EARTH","XBOX","2002","AÇÃO","","",""
"ROLLERCOASTER TYCOON 2","STEAM/PC","2002","TYCOON","","",""
"SPYRO: ENTER THE DRAGONFLY","GAMECUBE","2002","PLATAFORMA","","",""
"MEDAL OF HONOR: FRONTLINE","GAMECUBE","2002","FPS","","",""
"JAMES BOND 007: AGENT UNDER FIRE","GAMECUBE","2002","FPS","","",""
"DUKE NUKEM: MANHATTAN PROJECT","STEAM/PC","2002","PLATAFORMA","","",""
"MEDAL OF HONOR: ALLIED ASSAULT","STEAM/PC","2002","FPS","","",""
"GRAN TURISMO CONCEPT: 2001 TOKYO","PLAYSTATION 2","2002","CORRIDA","","",""
"2002 FIFA WORLD CUP","XBOX","2002","ESPORTE","","",""
"COUNTER-STRIKE 1.5","STEAM/PC","2002","FPS","","",""
"FIFA 2003","GAMECUBE","2002","ESPORTE","","",""
"BIG BROTHER BRASIL","STEAM/PC","2002","SIMULAÇÃO","","",""
"MORTAL KOMBAT: DEADLY ALLIANCE","GAMECUBE","2002","LUTA","","",""
"DEXTER'S LABORATORY: MANDARK'S LAB","PLAYSTATION 1","2002","AÇÃO","","",""
"THE SIMPSONS SKATEBOARDING","PLAYSTATION 2","2002","ESPORTE","","",""
"SHOW DO MILHÃO VOL. 2","MEGA DRIVE","2002","PUZZLE","","",""
"PRO EVOLUTION SOCCER 2 (WINNING ELEVEN 6)","PLAYSTATION 2","2002","ESPORTE","","",""
"SPONGEBOB SQUAREPANTS: REVENGE OF THE FLYING DUTCHMAN","GAMECUBE","2002","PLATAFORMA","","",""
"LEGO SOCCER MANIA","PLAYSTATION 2","2002","ESPORTE","","",""
"ULTIMATE FIGHTING CHAMPIONSHIP: TAPOUT","XBOX","2002","LUTA","","",""
"ULTIMATE FIGHTING CHAMPIONSHIP: THROWDOWN","GAMECUBE","2002","LUTA","","",""
"BATTLEFIELD 1942","STEAM/PC","2002","GUERRA","","",""
"THE POWERPUFF GIRLS: RELISH RAMPAGE","PLAYSTATION 2","2002","AÇÃO","","",""
"THIS IS FOOTBALL 2003","PLAYSTATION 2","2002","ESPORTE","","",""
"DISNEY'S KIM POSSIBLE: REVENGE OF MONKEY FIST","GAME BOY ADVANCE","2002","PLATAFORMA","","",""
"PETER PAN: ADVENTURES IN NEVER LAND","PLAYSTATION 2","2002","AÇÃO","","",""
"METROID FUSION","GAME BOY ADVANCE","2002","AÇÃO","","",""
"METROID PRIME","GAMECUBE","2002","AÇÃO","","",""
"SHANTAE","GAME BOY COLOR","2002","PLATAFORMA","","",""
"HARRY POTTER AND THE CHAMBER OF SECRETS","PLAYSTATION 2","2002","AÇÃO","","",""
"GRAND THEFT AUTO: VICE CITY","PLAYSTATION 2","2002","MUNDO ABERTO","","",""
"INTERNATIONAL SUPERSTAR SOCCER ADVANCE","GAME BOY ADVANCE","2002","ESPORTE","","",""
"SAINT SEIYA: THE PHOENIX RETURNS","GAME BOY COLOR","2002","PLATAFORMA","","",""
"AGE OF MYTHOLOGY","STEAM/PC","2002","ESTRATÉGIA","","",""
"TEKKEN 4","PLAYSTATION 2","2002","LUTA","","",""
"MARIO PARTY 4","GAMECUBE","2002","PARTY GAME","","",""
"MEGA MAN ZERO","GAME BOY ADVANCE","2002","PLATAFORMA","","",""
"BEACH LIFE","STEAM/PC","2002","TYCOON","","",""
"ONIMUSHA 2: SAMURAI'S DESTINY","PLAYSTATION 2","2002","HACK AND SLASH","","",""
"BLINX: THE TIME SWEEPER","XBOX","2002","PLATAFORMA","","",""
"CHASE: HOLLYWOOD STUNT DRIVER","XBOX","2002","CORRIDA","","",""
"TY THE TASMANIAN TIGER","GAMECUBE","2002","PLATAFORMA","","",""
"KINGDOM HEARTS","PLAYSTATION 2","2002","RPG","","",""
"TOM CLANCY'S SPLINTER CELL","XBOX","2002","STEALTH","","",""
"SEGA GT 2002","XBOX","2002","CORRIDA","","",""
"RESIDENT EVIL ZERO","GAMECUBE","2002","SURVIVAL HORROR","","",""
"SPIDER-MAN: THE MOVIE","XBOX","2002","AÇÃO","","",""
"PRINCE OF QIN","STEAM/PC","2002","RPG","","",""
"ROCKET POWER: BEACH BANDITS","GAMECUBE","2002","ESPORTE","","",""
"JIMMY NEUTRON BOY GENIUS","PLAYSTATION 2","2002","PLATAFORMA","","",""
"RUGRATS: ROYAL RANSOM","PLAYSTATION 2","2002","AÇÃO","","",""
"BEACH SPIKERS","GAMECUBE","2002","ESPORTE","","",""
"DRAGON BALL Z BUDOKAI","GAMECUBE","2002","LUTA","","",""
"THE LEGEND OF ZELDA: THE WIND WAKER","GAMECUBE","2002","RPG","","",""
"SUPER MARIO SUNSHINE","GAMECUBE","2002","PLATAFORMA","","",""
"DEMON FRONT","ARCADE","2002","SHOOT 'EM UP","","",""
"MAFIA (aka Mafia: The City of Lost Heaven)","STEAM/PC","2002","AÇÃO","","",""
"SOULCALIBUR II","GAMECUBE","2003","LUTA","","",""
"PRO BEACH SOCCER (OU ULTIMATE BEACH SOCCER)","GAME BOY ADVANCE","2003","ESPORTE","","",""
"PRO BEACH SOCCER (OU ULTIMATE BEACH SOCCER)","PLAYSTATION 2","2003","ESPORTE","","",""
"THE KING OF FIGHTERS 2002","DREAMCAST","2003","LUTA","","",""
"MEDAL OF HONOR: RISING SUN","GAMECUBE","2003","FPS","","",""
"MEDAL OF HONOR: INFILTRATOR","GAME BOY ADVANCE","2003","GUERRA","","",""
"STAR WARS: KNIGHTS OF THE OLD REPUBLIC","STEAM/PC","2003","RPG","","",""
"JAMES BOND 007: EVERYTHING OR NOTHING","PLAYSTATION 2","2003","AÇÃO","","",""
"NBA JAM (2003)","PLAYSTATION 2","2003","ESPORTE","","",""
"TOMB RAIDER: THE ANGEL OF DARKNESS","STEAM/PC","2003","AÇÃO","","",""
"SONIC ADVENTURE DX: DIRECTOR'S CUT","GAMECUBE","2003","PLATAFORMA","","",""
"MAX PAYNE 2: THE FALL OF MAX PAYNE","PLAYSTATION 2","2003","TIRO EM TERCEIRA PESSOA","","",""
"PRIDE FC: FIGHTING CHAMPIONSHIPS","PLAYSTATION 2","2003","LUTA","","",""
"UFC: TAPOUT 2","XBOX","2003","LUTA","","",""
"TROPICO 2: PIRATE COVE","STEAM/PC","2003","SIMULAÇÃO","","",""
"SIMCITY 4: RUSH HOUR","STEAM/PC","2003","CITY BUILDING","","",""
"PRIDE GP GRAND PRIX 2003","PLAYSTATION 2","2003","LUTA","","",""
"RETURN TO CASTLE WOLFENSTEIN: TIDES OF WAR","XBOX","2003","FPS","","",""
"RETURN TO CASTLE WOLFENSTEIN: OPERATION RESURRECTION","PLAYSTATION 2","2003","FPS","","",""
"COUNTER-STRIKE 1.6","STEAM/PC","2003","FPS","","",""
"COUNTER-STRIKE NEO","ARCADE","2003","FPS","","",""
"COUNTER-STRIKE XBOX EDITION","XBOX","2003","FPS","","",""
"JIMMY NEUTRON: JET FUSION","GAMECUBE","2003","AÇÃO","","",""
"TEENAGE MUTANT NINJA TURTLES (2003)","GAME BOY ADVANCE","2003","BEAT 'EM UP","","",""
"TEENAGE MUTANT NINJA TURTLES (2003)","XBOX","2003","BEAT 'EM UP","","",""
"TONY HAWK'S UNDERGROUND","PLAYSTATION 2","2003","ESPORTE","","",""
"MIDNIGHT CLUB II","XBOX","2003","CORRIDA","","",""
"HARRY POTTER: QUIDDITCH WORLD CUP","PLAYSTATION 2","2003","ESPORTE","","",""
"MEGA MAN ZERO 2","GAME BOY ADVANCE","2003","PLATAFORMA","","",""
"CASTLEVANIA: LAMENT OF INNOCENCE","PLAYSTATION 1","2003","AÇÃO","","",""
"THE SIMS BUSTIN OUT","GAMECUBE","2003","SIMULAÇÃO","","",""
"MEGA MAN: NETWORK TRANSMISSION","GAMECUBE","2003","PLATAFORMA","","",""
"VIEWTIFUL JOE","GAMECUBE","2003","BEAT 'EM UP","","",""
"GRAN TURISMO 4: PROLOGUE","PLAYSTATION 2","2003","CORRIDA","","",""
"P.N.03","GAMECUBE","2003","TIRO EM TERCEIRA PESSOA","","",""
"MEGA MAN X7","PLAYSTATION 2","2003","AÇÃO","","",""
"SPYRO: ATTACK OF THE RHYNOCS","GAME BOY ADVANCE","2003","PLATAFORMA","","",""
"WOLFENSTEIN: ENEMY TERRITORY","STEAM/PC","2003","FPS","","",""
"MANHUNT","PLAYSTATION 2","2003","STEALTH","","",""
"R: RACING EVOLUTION","GAMECUBE","2003","CORRIDA","","",""
"DISNEY'S EXTREME SKATE ADVENTURE","GAMECUBE","2003","ESPORTE","","",""
"FINDING NEMO","GAMECUBE","2003","AÇÃO","","",""
"HULK (2003)","GAMECUBE","2003","AÇÃO","","",""
"POSTAL 2","STEAM/PC","2003","FPS","","",""
"KIRBY AIR RIDE","GAMECUBE","2003","CORRIDA","","",""
"FINAL FANTASY X-2","PLAYSTATION 2","2003","RPG","","",""
"CARTOON NETWORK SPEEDWAY","GAME BOY ADVANCE","2003","CORRIDA","","",""
"NEW STAR SOCCER 1","STEAM/PC","2003","SIMULAÇÃO","","",""
"HUDSON SELECTION VOL. 4: TAKAHASHI MEIJIN NO BOKEN JIMA","GAMECUBE","2003","PLATAFORMA","","",""
"THE INCREDIBLE HULK","GAME BOY ADVANCE","2003","AÇÃO","","",""
"CHASER","STEAM/PC","2003","FPS","","",""
"THE FAIRLY ODDPARENTS! BREAKIN' DA RULES","XBOX","2003","AÇÃO","","",""
"THE SIMPSONS HIT & RUN","XBOX","2003","CORRIDA","","",""
"SEGA AGES 2500 SERIES VOL. 5: GOLDEN AXE","PLAYSTATION 2","2003","BEAT 'EM UP","","",""
"SILENT HILL 3","STEAM/PC","2003","SURVIVAL HORROR","","",""
"DISNEY SPORTS: FOOTBALL","GAMECUBE","2003","ESPORTE","","",""
"SPONGEBOB SQUAREPANTS: BATTLE FOR BIKINI BOTTOM","XBOX","2003","AÇÃO","","",""
"WORMS 3D","STEAM/PC","2003","ESTRATÉGIA","","",""
"XIII","XBOX","2003","FPS","","",""
"MADDEN NFL 2004","GAMECUBE","2003","ESPORTE","","",""
"CRASH NITRO KART","XBOX","2003","CORRIDA","","",""
"MARIO PARTY 5","GAMECUBE","2003","PARTY GAME","","",""
"MORTAL KOMBAT: TOURNAMENT EDITION","GAME BOY ADVANCE","2003","LUTA","","",""
"WARIOWARE, INC.: MEGA MICROGAMES!","GAME BOY ADVANCE","2003","AÇÃO","","",""
"FIFA FOOTBALL 2004","GAMECUBE","2003","ESPORTE","","",""
"WARIO WORLD","GAMECUBE","2003","PLATAFORMA","","",""
"HYPER STREET FIGHTER II: THE ANNIVERSARY EDITION","PLAYSTATION 2","2003","LUTA","","",""
"DONKEY KONG COUNTRY","GAME BOY ADVANCE","2003","PLATAFORMA","","",""
"SAINT SEIYA: OUGON DENSETSU HEN PERFECT EDITION","WONDERSWAN","2003","LUTA","","",""
"CALL OF DUTY (2003)","STEAM/PC","2003","FPS","","",""
"DRAGON BALL BUDOKAI 2","GAMECUBE","2003","LUTA","","",""
"DRAGON BALL Z TAIKETSU","GAME BOY ADVANCE","2003","LUTA","","",""
"NEED FOR SPEED: UNDERGROUND","GAMECUBE","2003","CORRIDA","","",""
"PHANTASY STAR GENERATION: 1","PLAYSTATION 2","2003","RPG","","",""
"ASTRO BOY: OMEGA FACTOR","GAME BOY ADVANCE","2003","BEAT 'EM UP","","",""
"PRO EVOLUTION SOCCER 3 (WINNING ELEVEN 7)","PLAYSTATION 2","2003","ESPORTE","","",""
"MARIO GOLF: TOADSTOOL TOUR","NINTENDO 64","2003","ESPORTE","","",""
"SSX 3","PLAYSTATION 2","2003","CORRIDA","","",""
"SONIC HEROES","GAMECUBE","2003","PLATAFORMA","","",""
"F-ZERO GX","GAMECUBE","2003","CORRIDA","","",""
"F-ZERO GP LEGEND","GAME BOY ADVANCE","2003","CORRIDA","","",""
"PRINCE OF PERSIA: THE SANDS OF TIME","STEAM/PC","2003","PLATAFORMA","","",""
"MARIO KART: DOUBLE DASH","GAMECUBE","2003","CORRIDA","","",""
"METAL SLUG 5","STEAM/PC","2004","SHOOT 'EM UP","","",""
"F-ZERO CLIMAX","GAME BOY ADVANCE","2004","CORRIDA","","",""
"THE KING OF FIGHTERS 2003","PLAYSTATION 2","2004","LUTA","","",""
"KOF: MAXIMUM IMPACT","PLAYSTATION 2","2004","LUTA","","",""
"DOOM 3","STEAM/PC","2004","FPS","","",""
"FLATOUT 1","STEAM/PC","2004","CORRIDA","","",""
"OUTRUN 2","XBOX","2004","CORRIDA","","",""
"FIGHT NIGHT 2004","XBOX","2004","LUTA","","",""
"POKEMON FIRERED/LEAFGREEN","GAME BOY ADVANCE","2004","RPG","","",""
"FOOTBALL KINGDOM TRIAL EDITION","PLAYSTATION 2","2004","ESPORTE","","",""
"KIRBY & THE AMAZING MIRROR","GAME BOY ADVANCE","2004","METROIDVANIA","","",""
"HALO 2","XBOX","2004","FPS","","",""
"METAL GEAR SOLID 3: SNAKE EATER","PLAYSTATION 2","2004","STEALTH","","",""
"BATTLEFIELD VIETNAM","STEAM/PC","2004","GUERRA","","",""
"TONY HAWK'S UNDERGROUND 2","PLAYSTATION 2","2004","ESPORTE","","",""
"THE SPONGEBOB SQUAREPANTS MOVIE","XBOX","2004","PLATAFORMA","","",""
"BALDUR'S GATE: DARK ALLIANCE II","XBOX","2004","RPG","","",""
"ACTION MAN: ROBOT ATAK","GAME BOY ADVANCE","2004","AÇÃO","","",""
"FIFA FOOTBALL 2005","GAMECUBE","2004","ESPORTE","","",""
"CODENOME: PANZERS - PHASE ONE","STEAM/PC","2004","RTS","","",""
"UFC: SUDDEN IMPACT","PLAYSTATION 2","2004","LUTA","","",""
"K-1 PREMIUM 2004 DYNAMITE!!","PLAYSTATION 2","2004","LUTA","","",""
"HARRY POTTER AND THE PRISONER OF AZKABAN","PLAYSTATION 2","2004","AÇÃO","","",""
"RED DEAD REVOLVER","XBOX","2004","MUNDO ABERTO","","",""
"SILENT HILL 4: THE ROOM","STEAM/PC","2004","SURVIVAL HORROR","","",""
"DEAD OR ALIVE ULTIMATE","XBOX","2004","LUTA","","",""
"THE SIMS 2","STEAM/PC","2004","SIMULAÇÃO","","",""
"GRAN TURISMO 4","PLAYSTATION 2","2004","CORRIDA","","",""
"MEDAL OF HONOR: PACIFIC ASSAULT","STEAM/PC","2004","FPS","","",""
"MORTAL KOMBAT: DECEPTION","GAMECUBE","2004","LUTA","","",""
"FALLOUT: BROTHERHOOD OF STEEL","XBOX","2004","ACTION RPG","","",""
"MIAMI VICE","STEAM/PC","2004","AÇÃO","","",""
"NEW STAR SOCCER 2","STEAM/PC","2004","SIMULAÇÃO","","",""
"SHREK 2: THE GAME","STEAM/PC","2004","AÇÃO","","",""
"CALL OF DUTY: FINEST HOUR","XBOX","2004","FPS","","",""
"DARKSTALKERS CHRONICLE: THE CHAOS TOWER","PSP","2004","LUTA","","",""
"SHREK 2","PLAYSTATION 2","2004","AÇÃO","","",""
"MEGA MAN ZERO 3","GAME BOY ADVANCE","2004","PLATAFORMA","","",""
"TEENAGE MUTANT NINJA TURTLES 2: BATTLE NEXUS","GAMECUBE","2004","BEAT 'EM UP","","",""
"TEENAGE MUTANT NINJA TURTLES 2: BATTLE NEXUS (GBA)","GAME BOY ADVANCE","2004","BEAT 'EM UP","","",""
"DIGIMON RUMBLE ARENA 2","XBOX","2004","LUTA","","",""
"DRIVER 3","XBOX","2004","CORRIDA","","",""
"SPYRO A HERO'S TAIL","GAMECUBE","2004","PLATAFORMA","","",""
"COUNTER-STRIKE: CONDITION ZERO","STEAM/PC","2004","FPS","","",""
"PORTUGAL 1111: A CONQUISTA DE SOURE","STEAM/PC","2004","RTS","","",""
"COUNTER-STRIKE: SOURCE","STEAM/PC","2004","FPS","","",""
"PITFALL: THE LOST EXPEDITION","GAMECUBE","2004","PLATAFORMA","","",""
"PITFALL: THE LOST EXPEDITION (GBA PORT)","GAME BOY ADVANCE","2004","PLATAFORMA","","",""
"KATAMARI DAMACY","PLAYSTATION 2","2004","PUZZLE","","",""
"WWE SMACKDOWN! VS. RAW","PLAYSTATION 2","2004","LUTA","","",""
"NEED FOR SPEED: UNDERGROUND 2","GAMECUBE","2004","CORRIDA","","",""
"THE LEGEND OF ZELDA: THE MINISH CAP","GAME BOY ADVANCE","2004","AÇÃO","","",""
"SECOND SIGHT","PLAYSTATION 2","2004","AÇÃO","","",""
"GRAND THEFT AUTO ADVANCE","GAME BOY ADVANCE","2004","MUNDO ABERTO","","",""
"GRAND THEFT AUTO: SAN ANDREAS","PLAYSTATION 2","2004","MUNDO ABERTO","","",""
"ONIMUSHA 3 DEMON SIEGE","PLAYSTATION 2","2004","HACK AND SLASH","","",""
"OS INCRÍVEIS (THE INCREDIBLES)","XBOX","2004","BEAT 'EM UP","","",""
"ATHENS 2004","STEAM/PC","2004","ESPORTE","","",""
"CRASH TWINSANITY","XBOX","2004","PLATAFORMA","","",""
"METAL SLUG ADVANCE","GAME BOY ADVANCE","2004","SHOOT 'EM UP","","",""
"CRAZY BUS","MEGA DRIVE","2004","SIMULAÇÃO","","",""
"MTX MOTOTRAX","XBOX","2004","CORRIDA","","",""
"WORMS FORTS: UNDER SIEGE","STEAM/PC","2004","ESTRATÉGIA","","",""
"MARIO POWER TENNIS","GAMECUBE","2004","ESPORTE","","",""
"HALF-LIFE 2","STEAM/PC","2004","FPS","","",""
"FAR CRY","STEAM/PC","2004","FPS","","",""
"SAMURAI SHODOWN V SPECIAL","NEO GEO","2004","LUTA","","",""
"THE FAIRLY ODDPARENTS! SHADOW SHOWDOWN","GAMECUBE","2004","PLATAFORMA","","",""
"DESTRUCTION DERBY: ARENAS","PLAYSTATION 2","2004","COMBATE DE VEÍCULOS","","",""
"RACING GEARS ADVANCE","GAME BOY ADVANCE","2004","CORRIDA","","",""
"ROLLERCOASTER TYCOON 3","STEAM/PC","2004","TYCOON","","",""
"MARIO PARTY 6","GAMECUBE","2004","PARTY GAME","","",""
"THE ADVENTURES OF JIMMY NEUTRON BOY GENIUS: ATTACK OF THE TWONKIES","GAMECUBE","2004","AÇÃO","","",""
"SPIDER-MAN 2","XBOX","2004","AÇÃO","","",""
"PRO EVOLUTION SOCCER 4 (WINNING ELEVEN 8)","PLAYSTATION 2","2004","ESPORTE","","",""
"PAPER MARIO: THE THOUSAND-YEAR DOOR","GAMECUBE","2004","RPG","","",""
"RPM TUNING","PLAYSTATION 2","2004","CORRIDA","","",""
"DRAGON BALL Z SUPERSONIC WARRIORS 2","GAME BOY ADVANCE","2004","LUTA","","",""
"BOMBERMAN BATTLES / BOMBERMAN HARDBALL","PLAYSTATION 2","2004","ESTRATÉGIA","","",""
"THE LEGEND OF ZELDA: FOUR SWORDS ADVENTURES","GAMECUBE","2004","RPG","","",""
"DRAGON BALL BUDOKAI 3","PLAYSTATION 2","2004","LUTA","","",""
"DRAGON BALL: ADVANCED ADVENTURE","GAME BOY ADVANCE","2004","LUTA","","",""
"PRINCE OF PERSIA: WARRIOR WITHIN","GAMECUBE","2004","HACK AND SLASH","","",""
"FIX MY HEART","GAME BOY","2004","PLATAFORMA","","",""
"THIS IS FOOTBALL 2005","PLAYSTATION 2","2004","ESPORTE","","",""
"NEW STAR SOCCER 3","STEAM/PC","2005","SIMULAÇÃO","","",""
"THE WARRIORS","XBOX","2005","AÇÃO","","",""
"AGE OF EMPIRES III","STEAM/PC","2005","ESTRATÉGIA","","",""
"THE KING OF FIGHTERS NEOWAVE","PLAYSTATION 2","2005","LUTA","","",""
"MARIO KART DS","NINTENDO DS","2005","CORRIDA","","",""
"DEAD OR ALIVE 4","XBOX 360","2005","LUTA","","",""
"DRAGON BALL Z: BUDOKAI TENKAICHI","PLAYSTATION 2","2005","LUTA","","",""
"WORMS 4: MAYHEM","XBOX","2005","ESTRATÉGIA","","",""
"THE PUNISHER","XBOX","2005","TIRO EM TERCEIRA PESSOA","","",""
"FIFA STREET","PLAYSTATION 2","2005","ESPORTE","","",""
"MEGA MAN ZERO 4","GAME BOY ADVANCE","2005","PLATAFORMA","","",""
"HARRY POTTER AND THE GOBLET OF FIRE","PLAYSTATION 2","2005","AÇÃO","","",""
"DRAGON BALL Z SAGAS","XBOX","2005","LUTA","","",""
"TEENAGE MUTANT NINJA TURTLES 3: MUTANT NIGHTMARE","XBOX","2005","BEAT 'EM UP","","",""
"TEENAGE MUTANT NINJA TURTLES: MUTANT MELEE","XBOX","2005","BEAT 'EM UP","","",""
"QUAKE 4","STEAM/PC","2005","FPS","","",""
"GOLDENEYE: ROGUE AGENT","XBOX","2005","FPS","","",""
"JAMES BOND 007: FROM RUSSIA WITH LOVE","XBOX","2005","TIRO EM TERCEIRA PESSOA","","",""
"MIDNIGHT CLUB 3: DUB EDITION","XBOX","2005","CORRIDA","","",""
"PRINCE OF PERSIA: THE TWO THRONES","GAMECUBE","2005","HACK AND SLASH","","",""
"RIDGE RACER 6","XBOX 360","2005","CORRIDA","","",""
"TEKKEN 5","PLAYSTATION 2","2005","LUTA","","",""
"MEDAL OF HONOR: EUROPEAN ASSAULT","PLAYSTATION 2","2005","FPS","","",""
"FIGHT NIGHT ROUND 2","XBOX","2005","LUTA","","",""
"SAINT SEIYA: THE SANCTUARY","PLAYSTATION 2","2005","LUTA","","",""
"SHADOW OF ROME","PLAYSTATION 2","2005","LUTA","","",""
"CASTLEVANIA: CURSE OF DARKNESS","XBOX","2005","ACTION RPG","","",""
"SOULCALIBUR III","PLAYSTATION 2","2005","LUTA","","",""
"WIPEOUT PURE","PSP","2005","CORRIDA","","",""
"TOTALLY SPIES!","GAME BOY ADVANCE","2005","PLATAFORMA","","",""
"FIFA 06: ROAD TO WORLD CUP","XBOX 360","2005","ESPORTE","","",""
"TONY HAWK'S AMERICAN WASTELAND","XBOX 360","2005","ESPORTE","","",""
"FIFA 06","GAMECUBE","2005","ESPORTE","","",""
"PRO EVOLUTION SOCCER 5 (WINNING ELEVEN 9)","PLAYSTATION 2","2005","ESPORTE","","",""
"SHREK SUPERSLAM","PLAYSTATION 2","2005","LUTA","","",""
"BATTLEFIELD 2","STEAM/PC","2005","GUERRA","","",""
"CHAMELEON","STEAM/PC","2005","STEALTH","","",""
"BATTLEFIELD 2: MODERN COMBAT","XBOX","2005","GUERRA","","",""
"BANJO-PILOT","GAME BOY ADVANCE","2005","CORRIDA","","",""
"THE INCREDIBLE HULK: ULTIMATE DESTRUCTION","XBOX","2005","AÇÃO","","",""
"BROTHER IN ARMS: EARNED IN BLOOD","PLAYSTATION 2","2005","FPS","","",""
"BURNOUT REVENGE","PLAYSTATION 2","2005","CORRIDA","","",""
"JAK X: COMBAT RACING","PLAYSTATION 2","2005","CORRIDA","","",""
"RATCHET: DEADLOCKED","PLAYSTATION 2","2005","TIRO EM TERCEIRA PESSOA","","",""
"SLY 3: HONOR AMONG THIEVES","PLAYSTATION 2","2005","AÇÃO","","",""
"K-1 PREMIUM 2005 DYNAMITE!!","PLAYSTATION 2","2005","LUTA","","",""
"ED, EDD N EDDY: THE MIS-EDVENTURES","GAMECUBE","2005","PLATAFORMA","","",""
"TEEN TITANS","GAME BOY ADVANCE","2005","AÇÃO","","",""
"DRAGON BALL GT TRANSFORMATION","GAME BOY ADVANCE","2005","LUTA","","",""
"CALL OF DUTY 2","STEAM/PC","2005","FPS","","",""
"CALL OF DUTY 2: BIG RED ONE","XBOX","2005","FPS","","",""
"SID MEIER'S CIVILIZATION IV","STEAM/PC","2005","ESTRATÉGIA","","",""
"FORZA MOTORSPORT","XBOX","2005","CORRIDA","","",""
"ULTIMATE SPIDER-MAN","GAME BOY ADVANCE","2005","AÇÃO","","",""
"ULTIMATE SPIDER-MAN","XBOX","2005","AÇÃO","","",""
"PSI-OPS: THE MINDGATE CONSPIRACY","STEAM/PC","2005","TIRO EM TERCEIRA PESSOA","","",""
"PSYCHONAUTS","STEAM/PC","2005","PLATAFORMA","","",""
"GUITAR HERO","PLAYSTATION 2","2005","RITMO","","",""
"DANNY PHANTOM - THE ULTIMATE ENEMY","GAME BOY ADVANCE","2005","BEAT 'EM UP","","",""
"SUPER MARIO STRIKERS","GAMECUBE","2005","ESPORTE","","",""
"MARIO PARTY 7","GAMECUBE","2005","PARTY GAME","","",""
"SHADOW THE HEDGEHOG","GAMECUBE","2005","PLATAFORMA","","",""
"PSYCHONAUTSTOM CLANCY'S SPLINTER CELL: CHAOS THEORY","STEAM/PC","2005","STEALTH","","",""
"NEED FOR SPEED: UNDERGROUND RIVALS","PSP","2005","CORRIDA","","",""
"NEED FOR SPEED: MOST WANTED","XBOX 360","2005","CORRIDA","","",""
"NEED FOR SPEED: MOST WANTED 5-1-0","PSP","2005","CORRIDA","","",""
"TOTAL OVERDOSE","STEAM/PC","2005","TIRO EM TERCEIRA PESSOA","","",""
"GENJI: DAWN OF THE SAMURAI","PLAYSTATION 2","2005","HACK AND SLASH","","",""
"DRAGON BALL Z SUPERSONIC WARRIORS 2","NINTENDO DS","2005","LUTA","","",""
"SUPER DRAGON BALL Z","ARCADE","2005","LUTA","","",""
"GOD OF WAR 1","PLAYSTATION 2","2005","AÇÃO","","",""
"MORTAL KOMBAT: SHAOLIN MONKS","PLAYSTATION 2","2005","BEAT 'EM UP","","",""
"HALF-LIFE 2: LOST COAST","STEAM/PC","2005","FPS","","",""
"SHADOW OF THE COLOSSUS","PLAYSTATION 2","2005","AÇÃO","","",""
"FINAL FIGHT: STREETWISE","PLAYSTATION 2","2006","BEAT 'EM UP","","",""
"GRAND THEFT AUTO: LIBERTY CITY STORIES","PLAYSTATION 2","2006","MUNDO ABERTO","","",""
"SOCOM U.S. NAVY SEALS: COMBINED ASSAULT","PLAYSTATION 2","2006","TIRO EM TERCEIRA PESSOA","","",""
"MEGA MAN ZX","NINTENDO DS","2006","PLATAFORMA","","",""
"THE KING OF FIGHTERS XI","PLAYSTATION 2","2006","LUTA","","",""
"KOF: MAXIMUM IMPACT 2","PLAYSTATION 2","2006","LUTA","","",""
"CALL OF DUTY 3","XBOX 360","2006","FPS","","",""
"HITMAN: BLOOD MONEY","XBOX 360","2006","STEALTH","","",""
"GEARS OF WAR","XBOX 360","2006","TIRO EM TERCEIRA PESSOA","","",""
"SONIC RIDERS","GAMECUBE","2006","CORRIDA","","",""
"MIDNIGHT CLUB 3: DUB EDITION REMIX","XBOX","2006","CORRIDA","","",""
"SPONGEBOB SQUAREPANTS: CREATURE FROM THE KRUSTY KRAB","GAMECUBE","2006","AÇÃO","","",""
"CAPTAIN TSUBASA","PLAYSTATION 2","2006","ESPORTE","","",""
"DRAGON BALL Z: BUDOKAI TENKAICHI 2","PLAYSTATION 2","2006","LUTA","","",""
"ŌKAMI","PLAYSTATION 2","2006","AÇÃO","","",""
"TERRORIST TAKEDOWN: COVERT OPERATIONS","STEAM/PC","2006","GUERRA","","",""
"TOMB RAIDER: LEGEND","STEAM/PC","2006","AÇÃO","","",""
"GRAN TURISMO HD CONCEPT","PLAYSTATION 3","2006","CORRIDA","","",""
"SHREK SMASH N' CRASH RACING","PLAYSTATION 2","2006","CORRIDA","","",""
"KABUS 22","STEAM/PC","2006","SURVIVAL HORROR","","",""
"WII SPORTS","WII","2006","ESPORTE","","",""
"WII PLAY","WII","2006","ESPORTE","","",""
"PANZER ELITE ACTION: FIELDS OF GLORY","STEAM/PC","2006","COMBATE DE VEÍCULOS","","",""
"BATTLEFIELD 2142","STEAM/PC","2006","GUERRA","","",""
"VIRTUA PRO FOOTBALL","PLAYSTATION 2","2006","ESPORTE","","",""
"TERRAWARS: NEW YORK INVASION","STEAM/PC","2006","FPS","","",""
"THE GODFATHER","STEAM/PC","2006","AÇÃO","","",""
"BLAST FACTOR","PLAYSTATION 3","2006","SHOOT 'EM UP","","",""
"THE LEGEND OF SPYRO: A NEW BEGINNING","XBOX","2006","AÇÃO","","",""
"TONY HAWK'S PROJECT 8","XBOX 360","2006","ESPORTE","","",""
"2006 FIFA WORLD CUP GERMANY","PLAYSTATION 2","2006","ESPORTE","","",""
"2006 FIFA WORLD CUP - GERMANY 2006","GAME BOY ADVANCE","2006","ESPORTE","","",""
"DRIVER: PARALLEL LINES","XBOX","2006","CORRIDA","","",""
"TEEN TITANS 2: THE BROTHERHOOD'S REVENGE","GAME BOY ADVANCE","2006","AÇÃO","","",""
"FIFA 07","XBOX 360","2006","ESPORTE","","",""
"WORMS: OPEN WARFARE","PSP","2006","ESTRATÉGIA","","",""
"FIGHT NIGHT ROUND 3","XBOX 360","2006","LUTA","","",""
"GARRY'S MOD","STEAM/PC","2006","SANDBOX","","",""
"X-MEN: THE OFFICIAL GAME","PLAYSTATION 2","2006","BEAT 'EM UP","","",""
"X-MEN: THE OFFICIAL GAME","GAME BOY ADVANCE","2006","BEAT 'EM UP","","",""
"MORTAL KOMBAT: ARMAGEDDON","XBOX","2006","LUTA","","",""
"RIDGE RACER 7","PLAYSTATION 3","2006","CORRIDA","","",""
"VIRTUA STRIKER 4","XBOX","2006","ESPORTE","","",""
"BOMBERMAN (2006)","PSP","2006","ESTRATÉGIA","","",""
"TEKKEN 5: DARK RESURRECTION","PLAYSTATION 3","2006","LUTA","","",""
"PREY","STEAM/PC","2006","FPS","","",""
"NEED FOR SPEED: CARBON","XBOX 360","2006","CORRIDA","","",""
"NEED FOR SPEED: CARBON - OWN THE CITY","ZEEBO","2006","CORRIDA","","",""
"BIKER MICE FROM MARS (2006)","PLAYSTATION 2","2006","CORRIDA","","",""
"MORTAL KOMBAT: UNCHAINED","PSP","2006","LUTA","","",""
"DISNEY PIXAR CARS","STEAM/PC","2006","CORRIDA","","",""
"FINAL FANTASY XII","PLAYSTATION 2","2006","RPG","","",""
"CARTOON NETWORK RACING","PLAYSTATION 2","2006","CORRIDA","","",""
"FIFA STREET 2","PLAYSTATION 2","2006","ESPORTE","","",""
"DRAGON BALL Z SHIN BUDOKAI","PSP","2006","LUTA","","",""
"PRO EVOLUTION SOCCER 6 (WINNING ELEVEN 10)","PLAYSTATION 2","2006","ESPORTE","","",""
"ONIMUSHA DAWN OF DREAMS","PLAYSTATION 2","2006","HACK AND SLASH","","",""
"NEW SUPER MARIO BROS.","NINTENDO DS","2006","PLATAFORMA","","",""
"SONIC THE HEDGEHOG (2006)","XBOX 360","2006","PLATAFORMA","","",""
"METAL SLUG 6","PLAYSTATION 2","2006","SHOOT 'EM UP","","",""
"METAL SLUG 3D","PLAYSTATION 2","2006","SHOOT 'EM UP","","",""
"THE LEGEND OF ZELDA: TWILIGHT PRINCESS","GAMECUBE","2006","RPG","","",""
"THE ELDER SCROLLS IV: OBLIVION","STEAM/PC","2006","RPG","","",""
"LINK'S CROSSBOW TRAINING","WII","2007","SHOOTER","","",""
"THE LEGEND OF ZELDA: PHANTOM HOURGLASS","NINTENDO DS","2007","AÇÃO","","",""
"SAINT SEIYA: THE HADES","PLAYSTATION 2","2007","LUTA","","",""
"TOMB RAIDER: ANNIVERSARY","STEAM/PC","2007","AÇÃO","","",""
"TONY HAWK'S DOWNHILL JAM","PLAYSTATION 2","2007","ESPORTE","","",""
"VIRTUA FIGHTER 5","XBOX 360","2007","LUTA","","",""
"GRAND THEFT AUTO: VICE CITY STORIES","PLAYSTATION 2","2007","MUNDO ABERTO","","",""
"CALL OF DUTY: ROADS TO VICTORY","PSP","2007","FPS","","",""
"CALL OF DUTY 4: MODERN WARFARE","STEAM/PC","2007","FPS","","",""
"THE LEGEND OF SPYRO: THE ETERNAL NIGHT","PLAYSTATION 2","2007","PLATAFORMA","","",""
"BIKER MICE FROM MARS (DS)","NINTENDO DS","2007","CORRIDA","","",""
"CRASH OF THE TITANS","XBOX 360","2007","PLATAFORMA","","",""
"TONY HAWK'S PROVING GROUND","PLAYSTATION 3","2007","ESPORTE","","",""
"WORMS: OPEN WARFARE 2","PSP","2007","ESTRATÉGIA","","",""
"S.T.A.L.K.E.R.: SHADOW OF CHERNOBYL","STEAM/PC","2007","FPS","","",""
"SHREK THE THIRD","PLAYSTATION 2","2007","AÇÃO","","",""
"SPIDER-MAN: FRIEND OR FOE","PLAYSTATION 2","2007","AÇÃO","","",""
"THE SIMPSONS GAME (2007)","XBOX 360","2007","PLATAFORMA","","",""
"WIPEOUT PULSE","PSP","2007","CORRIDA","","",""
"GHOST RIDER","GAME BOY ADVANCE","2007","AÇÃO","","",""
"HALO 3","XBOX 360","2007","FPS","","",""
"THE KING OF FIGHTERS : MAXIUM IMPACT REGULATION-A","PLAYSTATION 2","2007","LUTA","","",""
"TEENAGE MUTANT NINJA TURTLES (2007)","STEAM/PC","2007","AÇÃO","","",""
"TEENAGE MUTANT NINJA TURTLES (2007) (GBA)","GAME BOY ADVANCE","2007","BEAT 'EM UP","","",""
"SPIDER-MAN 3","XBOX 360","2007","AÇÃO","","",""
"SPIDER-MAN 3","GAME BOY ADVANCE","2007","AÇÃO","","",""
"FORZA MOTORSPORT 2","XBOX 360","2007","CORRIDA","","",""
"FIFA 08","PLAYSTATION 3","2007","ESPORTE","","",""
"MASS EFFECT","XBOX 360","2007","RPG","","",""
"THE SIMS LIFE STORIES","STEAM/PC","2007","SIMULAÇÃO","","",""
"THE SIMS PET STORIES","STEAM/PC","2007","SIMULAÇÃO","","",""
"SIMCITY SOCIETIES","STEAM/PC","2007","CITY BUILDING","","",""
"EL TIGRE: THE ADVENTURES OF MANNY RIVERA","STEAM/PC","2007","AÇÃO","","",""
"MARIO STRIKERS CHARGED","WII","2007","ESPORTE","","",""
"GRAN TURISMO 5: PROLOGUE","PLAYSTATION 3","2007","CORRIDA","","",""
"HARRY POTTER AND THE ORDER OF THE PHOENIX","PLAYSTATION 3","2007","AÇÃO","","",""
"ZACK & WIKI: QUEST FOR BARBAROS' TREASURE","WII","2007","ESPORTE","","",""
"BOMBERMAN LIVE","XBOX 360","2007","ESTRATÉGIA","","",""
"BOMBERMAN LAND WII","WII","2007","ESTRATÉGIA","","",""
"UEFA CHAMPIONS LEAGUE 2006-2007","XBOX 360","2007","ESPORTE","","",""
"ASSASSIN'S CREED","PLAYSTATION 3","2007","AÇÃO","","",""
"NEED FOR SPEED: PROSTREET","STEAM/PC","2007","CORRIDA","","",""
"DIDDY KONG RACING DS","NINTENDO DS","2007","CORRIDA","","",""
"PORTAL","STEAM/PC","2007","PUZZLE","","",""
"MEDAL OF HONOR: VANGUARD","PLAYSTATION 2","2007","FPS","","",""
"RATATOUILLE","XBOX","2007","PLATAFORMA","","",""
"MEDAL OF HONOR: AIRBORNE","XBOX 360","2007","FPS","","",""
"SONIC AND THE SECRET RINGS","WII","2007","PLATAFORMA","","",""
"RAGDOLL VOLLEYBALL","STEAM/PC","2007","ESPORTE","","",""
"MARIO PARTY 8","WII","2007","PARTY GAME","","",""
"DONKEY KONG BARREL BLAST","WII","2007","CORRIDA","","",""
"ENEMY TERRITORY: QUAKE WARS","STEAM/PC","2007","FPS","","",""
"DRAGON BALL Z: BUDOKAI TENKAICHI 3","PLAYSTATION 2","2007","LUTA","","",""
"RESIDENT EVIL 4","STEAM/PC","2007","SURVIVAL HORROR","","",""
"SPONGEBOB'S SQUAREPANTS: ATLANTIS SQUAREPANTIS","PLAYSTATION 2","2007","AÇÃO","","",""
"MARIO & SONIC AT THE OLYMPIC GAMES","WII","2007","ESPORTE","","",""
"AVATAR: THE LAST AIRBENDER - THE BURNING EARTH","XBOX 360","2007","AÇÃO","","",""
"JACKASS: THE GAME","PLAYSTATION 2","2007","PARTY GAME","","",""
"DRAGON BALL Z SHIN BUDOKAI ANOTHER ROAD","PSP","2007","LUTA","","",""
"SOULCALIBUR LEGENDS","WII","2007","BEAT 'EM UP","","",""
"PRO EVOLUTION SOCCER 2008 (WINNING ELEVEN 11)","PLAYSTATION 3","2007","ESPORTE","","",""
"SUPER PAPER MARIO","WII","2007","RPG","","",""
"BIOSHOCK","STEAM/PC","2007","FPS","","",""
"GOD OF WAR 2","PLAYSTATION 2","2007","AÇÃO","","",""
"UNCHARTED: DRAKE'S FORTUNE","PLAYSTATION 3","2007","AÇÃO","","",""
"SUPER MARIO GALAXY","WII","2007","PLATAFORMA","","",""
"SUPER STREET FIGHTER II TURBO HD REMIX","PLAYSTATION 3","2008","LUTA","","",""
"SOULCALIBUR IV","XBOX 360","2008","LUTA","","",""
"THE LEGEND OF SPYRO: DAWN OF THE DRAGON","PLAYSTATION 2","2008","AÇÃO","","",""
"THE KING OF FIGHTERS '98 ULTIMATE MATCH","PLAYSTATION 2","2008","LUTA","","",""
"007: QUANTUM OF SOLACE","STEAM/PC","2008","FPS","","",""
"CALL OF DUTY: WORLD AT WAR","STEAM/PC","2008","FPS","","",""
"FAR CRY 2","STEAM/PC","2008","FPS","","",""
"MEGA MAN 9","XBOX 360","2008","PLATAFORMA","","",""
"THE SIMS CASTAWAY STORIES","STEAM/PC","2008","SIMULAÇÃO","","",""
"TRACKMANIA NATIONS FOREVER","STEAM/PC","2008","CORRIDA","","",""
"SPIDER-MAN: WEB OF SHADOWS","WII","2008","AÇÃO","","",""
"SONIC RIDERS ZERO GRAVITY","WII","2008","CORRIDA","","",""
"DRAGON BALL Z BURST LIMIT","XBOX 360","2008","LUTA","","",""
"FALLOUT 3","STEAM/PC","2008","ACTION RPG","","",""
"GOLDEN AXE: BEAST RIDER","XBOX 360","2008","BEAT 'EM UP","","",""
"BATTLEFIELD: BAD COMPANY","XBOX 360","2008","GUERRA","","",""
"MORTAL KOMBAT VS. DC UNIVERSE","XBOX 360","2008","LUTA","","",""
"SIMCITY CREATOR","WII","2008","CITY BUILDING","","",""
"BRAID","XBOX 360","2008","PLATAFORMA","","",""
"DEAD SPACE","XBOX 360","2008","SURVIVAL HORROR","","",""
"TWISTED METAL: HEAD-ON","PLAYSTATION 2","2008","COMBATE DE VEÍCULOS","","",""
"GEARS OF WAR 2","XBOX 360","2008","TIRO EM TERCEIRA PESSOA","","",""
"SPORE","STEAM/PC","2008","GOD GAME","","",""
"FIFA STREET 3","PLAYSTATION 3","2008","ESPORTE","","",""
"PITFALL: THE BIG ADVENTURE","WII","2008","PLATAFORMA","","",""
"SNIPER: GHOST WARRIOR","STEAM/PC","2008","FPS","","",""
"SILENT HILL: ORIGINS","PLAYSTATION 2","2008","SURVIVAL HORROR","","",""
"SILENT HILL: HOMECOMING","XBOX 360","2008","SURVIVAL HORROR","","",""
"EURO TRUCK SIMULATOR","STEAM/PC","2008","SIMULADOR","","",""
"BEIJING 2008","PLAYSTATION 3","2008","ESPORTE","","",""
"TOMB RAIDER: UNDERWORLD","STEAM/PC","2008","AÇÃO","","",""
"PRO EVOLUTION SOCCER 2009","PLAYSTATION 3","2008","ESPORTE","","",""
"DRAGON BALL Z INFINITE WORLD","PLAYSTATION 2","2008","LUTA","","",""
"COUNTER-STRIKE ONLINE","STEAM/PC","2008","FPS","","",""
"WARIO LAND: SHAKE IT","WII","2008","PLATAFORMA","","",""
"THE WITCHER: ENHANCED EDITION DIRECTOR'S CUT","STEAM/PC","2008","RPG","","",""
"ALITTLEBIGPLANET","PLAYSTATION 3","2008","PLATAFORMA","","",""
"FIFA 09","PLAYSTATION 3","2008","ESPORTE","","",""
"CRASH: MIND OVER MUTANT","XBOX 360","2008","PLATAFORMA","","",""
"UEFA EURO 2008","PLAYSTATION 3","2008","ESPORTE","","",""
"AVATAR: THE LAST AIRBENDER - INTO THE INFERNO","PLAYSTATION 2","2008","AÇÃO","","",""
"MARIO KART WII","WII","2008","CORRIDA","","",""
"BAJA: EDGE OF CONTROL","XBOX 360","2008","CORRIDA","","",""
"SID MEIER'S CIVILIZATION REVOLUTION","XBOX 360","2008","ESTRATÉGIA","","",""
"SEGA SUPERSTARS TENNIS","PLAYSTATION 3","2008","ESPORTE","","",""
"WORMS: A SPACE ODDITY","WII","2008","ESTRATÉGIA","","",""
"SUPER SMASH BROS. BRAWL","WII","2008","LUTA","","",""
"SONIC UNLEASHED (OLD GEN)","PLAYSTATION 2","2008","PLATAFORMA","","",""
"SONIC UNLEASHED (NEXT GEN)","PLAYSTATION 3","2008","PLATAFORMA","","",""
"NEED FOR SPEED: UNDERCOVER","STEAM/PC","2008","CORRIDA","","",""
"THE INCREDIBLE HULK","PLAYSTATION 3","2008","AÇÃO","","",""
"METAL GEAR SOLID 4: GUNS OF THE PATRIOTS","PLAYSTATION 3","2008","AÇÃO","","",""
"PRINCE OF PERSIA (2008)","STEAM/PC","2008","PLATAFORMA","","",""
"BULLY: SCHOLARSHIP EDITION","STEAM/PC","2008","MUNDO ABERTO","","",""
"MIDNIGHT CLUB: LOS ANGELES COMPLETE EDITION","XBOX 360","2008","CORRIDA","","",""
"GRAND THEFT AUTO IV","STEAM/PC","2008","MUNDO ABERTO","","",""
"GRAND THEFT AUTO IV: THE LOST AND DAMNED","STEAM/PC","2009","MUNDO ABERTO","","",""
"GRAND THEFT AUTO: THE BALLAD OF GAY TONY","STEAM/PC","2009","MUNDO ABERTO","","",""
"WORMS 2: ARMAGEDDON","PLAYSTATION 3","2009","ESTRATÉGIA","","",""
"CALL OF DUTY: MODERN WARFARE 2","STEAM/PC","2009","FPS","","",""
"THE KING OF FIGHTERS XII","XBOX 360","2009","LUTA","","",""
"FIGHT NIGHT ROUND 4","XBOX 360","2009","LUTA","","",""
"NEED FOR SPEED: SHIFT","STEAM/PC","2009","CORRIDA","","",""
"NEED FOR SPEED: NITRO","WII","2009","CORRIDA","","",""
"BATTLEFIELD HEROES","STEAM/PC","2009","GUERRA","","",""
"BATTLEFIELD 1943","XBOX 360","2009","GUERRA","","",""
"THE LEGEND OF ZELDA: SPIRIT TRACKS","NINTENDO DS","2009","AÇÃO","","",""
"FIFA 10","PLAYSTATION 3","2009","ESPORTE","","",""
"PRO EVOLUTION SOCCER 2010","PLAYSTATION 3","2009","ESPORTE","","",""
"DRAGON BALL EVOLUTION","PSP","2009","LUTA","","",""
"RESIDENT EVIL 5","XBOX 360","2009","TIRO EM TERCEIRA PESSOA","","",""
"HARRY POTTER AND THE HALF-BLOOD PRINCE","PLAYSTATION 3","2009","AÇÃO","","",""
"ASSASSIN'S CREED 2","PLAYSTATION 3","2009","AÇÃO","","",""
"FORZA MOTORSPORT 3","XBOX 360","2009","CORRIDA","","",""
"INFAMOUS","PLAYSTATION 3","2009","AÇÃO","","",""
"STREET FIGHTER IV","XBOX 360","2009","LUTA","","",""
"TEKKEN 6","XBOX 360","2009","LUTA","","",""
"WII SPORTS RESORT","WII","2009","ESPORTE","","",""
"ADVENTURE ISLAND: THE BEGINNING","WII","2009","PLATAFORMA","","",""
"DRAGON BALL REVENGE OF THE KING PICCOLO","WII","2009","LUTA","","",""
"ZENO CLASH","STEAM/PC","2009","BEAT 'EM UP","","",""
"FINAL FANTASY XIII","PLAYSTATION 3","2009","RPG","","",""
"SPONGEBOB'S TRUTH OR SQUARE","XBOX 360","2009","PLATAFORMA","","",""
"CASTLEVANIA: THE ADVENTURE REBIRTH","WII","2009","PLATAFORMA","","",""
"BATMAN: ARKHAM ASYLUM","XBOX 360","2009","AÇÃO","","",""
"LEFT 4 DEAD 2","STEAM/PC","2009","SURVIVAL HORROR","","",""
"TONY HAWK: RIDE","XBOX 360","2009","ESPORTE","","",""
"TROPICO 3","STEAM/PC","2009","SIMULAÇÃO","","",""
"PUNCH-OUT!!","WII","2009","LUTA","","",""
"BOMBERMAN ULTRA","PLAYSTATION 3","2009","ESTRATÉGIA","","",""
"WOLFENSTEIN (2009)","STEAM/PC","2009","FPS","","",""
"UP (FILME UP ALTAS AVENTURAS)","XBOX 360","2009","AÇÃO","","",""
"UFC 2009 UNDISPUTED","XBOX 360","2009","LUTA","","",""
"BORDERLANDS","XBOX 360","2009","FPS","","",""
"BAYONETTA","XBOX 360","2009","HACK AND SLASH","","",""
"TEENAGE MUTANT NINJA TURTLES: TURTLES IN TIME RE-SHELLED","XBOX 360","2009","BEAT 'EM UP","","",""
"PLANTS VS. ZOMBIES","STEAM/PC","2009","TOWER DEFENSE","","",""
"HANUMAN: BOY WARRIOR","PLAYSTATION 2","2009","AÇÃO","","",""
"DRAGON BALL RAGING BLAST","XBOX 360","2009","LUTA","","",""
"SILENT HILL: SHATTERED MEMORIES","PLAYSTATION 2","2009","SURVIVAL HORROR","","",""
"THE SIMS 3","STEAM/PC","2009","SIMULAÇÃO","","",""
"SONIC AND THE BLACK KNIGHT","WII","2009","PLATAFORMA","","",""
"S.T.A.L.K.E.R.: CALL OF PRIPYAT","STEAM/PC","2009","FPS","","",""
"DEMON'S SOULS","PLAYSTATION 3","2009","RPG","","",""
"MARIO & SONIC AT THE OLYMPIC WINTER GAMES","WII","2009","ESPORTE","","",""
"UNCHARTED 2: AMONG THIEVES","PLAYSTATION 3","2009","AÇÃO","","",""
"VENGEFUL GUARDIAN: MOONRIDER","STEAM/PC","2022","PLATAFORMA","","",""
"CALL OF DUTY: BLACK OPS","STEAM/PC","2010","FPS","","",""
"DEAD NATION","PS3","2010","SHOOT 'EM UP","","",""
"SONIC & SEGA ALL-STARS RACING","STEAM/PC","2010","CORRIDA","","",""
"BATTLEFIELD: BAD COMPANY 2","STEAM/PC","2010","GUERRA","","",""
"FALLOUT: NEW VEGAS","STEAM/PC","2010","ACTION RPG","","",""
"MEGA MAN 10","XBOX 360","2010","PLATAFORMA","","",""
"CASTLEVANIA: HARMONY OF DESPAIR","XBOX 360","2010","PLATAFORMA","","",""
"CASTLEVANIA: LORDS OF SHADOW","XBOX 360","2010","AÇÃO","","",""
"SONIC THE HEDHEHOG 4 EPOSIDE I","XBOX 360","2010","PLATAFORMA","","",""
"LARA CROFT AND THE GUARDIAN OF LIGHT","XBOX 360","2010","SHOOT 'EM UP","","",""
"NEED FOR SPEED: WORLD","STEAM/PC","2010","CORRIDA","","",""
"NEED FOR SPEED: HOT PURSUIT","STEAM/PC","2010","CORRIDA","","",""
"TONY HAWK: SHRED","PLAYSTATION 3","2010","ESPORTE","","",""
"SPONGEBOB'S BOATING BASH","WII","2010","CORRIDA","","",""
"SHREK FOREVER AFTER (AKA. SHREK 4)","XBOX 360","2010","AÇÃO","","",""
"ASSASSIN'S CREED: BROTHERHOOD","PLAYSTATION 3","2010","AÇÃO","","",""
"GRAN TURISMO 5","PLAYSTATION 3","2010","CORRIDA","","",""
"KIRBY'S EPIC YARN","WII","2010","PLATAFORMA","","",""
"TOY STORY 3","STEAM/PC","2010","AÇÃO","","",""
"ROCKET KNIGHT","PLAYSTATION 3","2010","PLATAFORMA","","",""
"BOMBERMAN LIVE: BATTLEFEST","XBOX 360","2010","ESTRATÉGIA","","",""
"HEAVY RAIN","PLAYSTATION 3","2010","FILME INTERATIVO","","",""
"ALIEN VS. PREDATOR (2010)","STEAM/PC","2010","FPS","","",""
"SID MEIER'S CIVILIZATION V","STEAM/PC","2010","ESTRATÉGIA","","",""
"JAMES BOND 007: BLOOD STONE","STEAM/PC","2010","TIRO EM TERCEIRA PESSOA","","",""
"MEDAL OF HONOR (2010)","STEAM/PC","2010","FPS","","",""
"2010 FIFA WORLD CUP SOUTH AFRICA","XBOX 360","2010","ESPORTE","","",""
"WORMS: RELOADED","STEAM/PC","2010","ESTRATÉGIA","","",""
"SUPER STREET FIGHTER IV","XBOX 360","2010","LUTA","","",""
"PRINCE OF PERSIA: THE FORGOTTEN SANDS","STEAM/PC","2010","HACK AND SLASH","","",""
"EPIC MICKEY","WII","2010","PLATAFORMA","","",""
"NEW STAR SOCCER 4","STEAM/PC","2010","SIMULAÇÃO","","",""
"UFC 2010 UNDISPUTED","XBOX 360","2010","LUTA","","",""
"EA SPORTS MMA","XBOX 360","2010","LUTA","","",""
"MASS EFFECT 2","STEAM/PC","2010","TIRO EM TERCEIRA PESSOA","","",""
"SONIC COLORS","WII","2010","PLATAFORMA","","",""
"FINAL FIGHT: DOUBLE IMPACT","XBOX 360","2010","BEAT 'EM UP","","",""
"SUPER MARIO GALAXY 2","WII","2010","PLATAFORMA","","",""
"DONKEY KONG COUNTRY: RETURNS","WII","2010","PLATAFORMA","","",""
"MAJIN AND THE FORSAKEN KINGDOM","XBOX 360","2010","PUZZLE","","",""
"GOD OF WAR 3","PLAYSTATION 3","2010","AÇÃO","","",""
"QUAKE LIVE","STEAM/PC","2010","FPS","","",""
"LOST IN SHADOW","WII","2010","PUZZLE","","",""
"NBA JAM (2010)","XBOX 360","2010","ESPORTE","","",""
"WORMS: BATTLE ISLANDS","WII","2010","ESTRATÉGIA","","",""
"DRAGON BALL Z TENKAICHI TAG TEAM","PSP","2010","LUTA","","",""
"THE KORE GANG: OUTVASION FROM INNER EARTH","WII","2010","PLATAFORMA","","",""
"DANTE'S INFERNO","XBOX 360","2010","HACK AND SLASH","","",""
"DRAGON BALL RAGING BLAST 2","XBOX 360","2010","LUTA","","",""
"SUPER MEAT BOY","STEAM/PC","2010","PLATAFORMA","","",""
"VVVVVV","STEAM/PC","2010","PLATAFORMA","","",""
"SPIDER-MAN: SHATTERED DIMENSIONS","XBOX 360","2010","AÇÃO","","",""
"LEGO HARRY POTTER: YEARS 1-4","STEAM/PC","2010","LEGO","","",""
"HARRY POTTER AND THE DEATHLY HALLOWS - PART 1","STEAM/PC","2010","AÇÃO","","",""
"AMNESIA: THE DARK DESCENT","STEAM/PC","2010","TERROR","","",""
"METAL SLUG XX","XBOX 360","2010","SHOOT 'EM UP","","",""
"EVERSION","STEAM/PC","2010","PLATAFORMA","","",""
"RED DEAD REDEMPTION","PLAYSTATION 3","2010","MUNDO ABERTO","","",""
"HARRY POTTER AND THE DEATHLY HALLOWS - PART 2","STEAM/PC","2011","AÇÃO","","",""
"LEGO HARRY POTTER: YEARS 5-7","STEAM/PC","2011","LEGO","","",""
"THE WITCHER 2: ASSASINS OF KINGS ENHANCED EDITION","STEAM/PC","2011","RPG","","",""
"FIGHT NIGHT CHAMPION","XBOX 360","2011","LUTA","","",""
"DRIVER: SAN FRANCISCO","STEAM/PC","2011","CORRIDA","","",""
"BATMAN: ARKHAM CITY","STEAM/PC","2011","AÇÃO","","",""
"THE KING OF FIGHTERS XIII","XBOX 360","2011","LUTA","","",""
"BATTLEFIELD 3","STEAM/PC","2011","GUERRA","","",""
"CALL OF DUTY: MODERN WARFARE 3","STEAM/PC","2011","FPS","","",""
"CAVE STORY+","STEAM/PC","2011","METROIDVANIA","","",""
"WORMS: ULTIMATE MAYHEM","STEAM/PC","2011","ESTRATÉGIA","","",""
"WORMS: CRAZY GOLF","STEAM/PC","2011","ESPORTE","","",""
"FORZA MOTORSPORT 4","XBOX 360","2011","CORRIDA","","",""
"DISNEY PIXAR CARS 2: THE VIDEO GAME","STEAM/PC","2011","CORRIDA","","",""
"ARMA: COLD WAR ASSAULT","STEAM/PC","2011","TIRO EM TERCEIRA PESSOA","","",""
"MORTAL KOMBAT (2011) (AKA. MORTAL KOMBAT 9)","STEAM/PC","2011","LUTA","","",""
"LIMBO","STEAM/PC","2011","PUZZLE","","",""
"ASSASSIN'S CREED: REVELATIONS","STEAM/PC","2011","AÇÃO","","",""
"NEW STAR SOCCER 5","STEAM/PC","2011","SIMULAÇÃO","","",""
"SKYLANDERS: SPYRO'S ADVENTURE","PLAYSTATION 3","2011","PLATAFORMA","","",""
"MARIO KART 7","NINTENDO 3DS","2011","CORRIDA","","",""
"TROPICO 4","STEAM/PC","2011","SIMULAÇÃO","","",""
"SHIFT 2: UNLEASHED","STEAM/PC","2011","CORRIDA","","",""
"NEED FOR SPEED: THE RUN","STEAM/PC","2011","CORRIDA","","",""
"MINECRAFT","STEAM/PC","2011","SURVIVAL","","",""
"DRAGON BALL Z ULTIMATE TENKAICHI","XBOX 360","2011","LUTA","","",""
"PORTAL 2","STEAM/PC","2011","PUZZLE","","",""
"BRINK","STEAM/PC","2011","FPS","","",""
"DUKE NUKEM FOREVER","STEAM/PC","2011","FPS","","",""
"RAYMAN ORIGINS","XBOX 360","2011","PLATAFORMA","","",""
"TERRARIA","STEAM/PC","2011","SOBREVIVÊNCIA","","",""
"ALIENS: INFESTATION","NINTENDO DS","2011","METROIDVANIA","","",""
"SONIC GENERATIONS","STEAM/PC","2011","PLATAFORMA","","",""
"SAINT SEIYA: SANCTUARY BATTLE","PLAYSTATION 3","2011","LUTA","","",""
"MARIO & SONIC AT THE LONDON 2012 OLYMPIC GAMES","WII","2011","ESPORTE","","",""
"INFAMOUS 2","PLAYSTATION 3","2011","AÇÃO","","",""
"INFAMOUS: FESTIVAL OF BLOOD","PLAYSTATION 3","2011","AÇÃO","","",""
"L.A. NOIRE","STEAM/PC","2011","AÇÃO","","",""
"BASTION","STEAM/PC","2011","AÇÃO","","",""
"SUPER MARIO 3D LAND","NINTENDO 3DS","2011","PLATAFORMA","","",""
"RAGE","STEAM/PC","2011","FPS","","",""
"THE LEGEND OF ZELDA: SKYWARD SWORD","WII","2011","RPG","","",""
"KIRBY'S RETURN TO DREAM LAND","WII","2011","PLATAFORMA","","",""
"AGE OF EMPIRES ONLINE","STEAM/PC","2011","ESTRATÉGIA","","",""
"TO THE MOON","STEAM/PC","2011","ADVENTURE","","",""
"CANNON FODDER 3","STEAM/PC","2011","SHOOT 'EM UP","","",""
"FROM DUST","STEAM/PC","2011","GOD GAME","","",""
"SUPREMACY MMA","XBOX 360","2011","LUTA","","",""
"FAST RACING LEAGUE","WII","2011","CORRIDA","","",""
"SPIDER-MAN EDGE OF TIME","WII","2011","AÇÃO","","",""
"UNCHARTED 3: DRAKE'S DECEPTION","PLAYSTATION 3","2011","AÇÃO","","",""
"THE ELDER SCROLLS V: SKYRIM","PLAYSTATION 4","2011","RPG","","",""
"NI NO KUNI WRATH OF THE WHITE WITCH","STEAM/PC","2011","RPG","","",""
"DARK SOULS","STEAM/PC","2011","RPG","","",""
"LONDON 2012","STEAM/PC","2012","ESPORTE","","",""
"MALDITA CASTILLA","STEAM/PC","2012","PLATAFORMA","","",""
"STREET FIGHTER X MEGA MAN","STEAM/PC","2012","LUTA","","",""
"CALL OF DUTY: BLACK OPS: DECLASSIFIED","PS VITA","2012","FPS","","",""
"CALL OF DUTY: BLACK OPS II","STEAM/PC","2012","FPS","","",""
"007 LEGENDS","STEAM/PC","2012","FPS","","",""
"SPEC OPS: THE LINE","STEAM/PC","2012","TIRO EM TERCEIRA PESSOA","","",""
"SOULCALIBUR V","XBOX 360","2012","LUTA","","",""
"FAR CRY 3","STEAM/PC","2012","FPS","","",""
"DISHONORED","XBOX 360","2012","STEALTH","","",""
"NEW SUPER MARIO BROS. 2","NINTENDO 3DS","2012","PLATAFORMA","","",""
"BORDELANDS 2","STEAM/PC","2012","FPS","","",""
"RESIDENT EVIL 6","PLAYSTATION 3","2012","TIRO EM TERCEIRA PESSOA","","",""
"FORZA HORIZON","XBOX 360","2012","CORRIDA","","",""
"UFC UNDISPUTED 3","XBOX 360","2012","LUTA","","",""
"COUNTER-STRIKE: GLOBAL OFFENSIVE","STEAM/PC","2012","FPS","","",""
"BELLATOR: MMA ONSLAUGHT","PLAYSTATION 3","2012","LUTA","","",""
"HOTLINE MIAMI","STEAM/PC","2012","SHOOT 'EM UP","","",""
"FIFA STREET (2012)","PLAYSTATION 3","2012","ESPORTE","","",""
"WIZORB","STEAM/PC","2012","BREAKOUT","","",""
"SONIC THE HEDGEHOG 4 EPISODE II","STEAM/PC","2012","PLATAFORMA","","",""
"DISNEY EPIC MICKEY 2: THE POWER OF TWO","STEAM/PC","2012","AÇÃO","","",""
"NEED FOR SPEED: MOST WANTED (2012)","STEAM/PC","2012","CORRIDA","","",""
"SCRIBBLENAUTS UNLIMITED","STEAM/PC","2012","PUZZLE","","",""
"DEAD OR ALIVE 5","XBOX 360","2012","LUTA","","",""
"WORMS REVOLUTION","STEAM/PC","2012","ESTRATÉGIA","","",""
"ASSASSIN'S CREED 3","STEAM/PC","2012","AÇÃO","","",""
"ASSASSIN'S CREED 3: LIBERATION","PS VITA","2012","AÇÃO","","",""
"WIPEOUT 2048","PS VITA","2012","CORRIDA","","",""
"RIDGE RACER UNBOUNDED","STEAM/PC","2012","CORRIDA","","",""
"NEW SUPER LUIGI U","WII U","2012","PLATAFORMA","","",""
"DIABLO III","STEAM/PC","2012","RPG","","",""
"MEDAL OF HONOR WARFIGHTER","STEAM/PC","2012","FPS","","",""
"SONIC CD","STEAM/PC","2012","PLATAFORMA","","",""
"SONIC & ALL-STARS RACING TRANSFORMED","STEAM/PC","2012","CORRIDA","","",""
"SONIC JUMP","STEAM/PC","2012","PLATAFORMA","","",""
"ORCS MUST DIE! 2","STEAM/PC","2012","STEAM","","",""
"MAX PAYNE 3","STEAM/PC","2012","TIRO EM TERCEIRA PESSOA","","",""
"THE AMAZING SPIDER-MAN","STEAM/PC","2012","AÇÃO","","",""
"SILENT HILL: DOWNPOUR","XBOX 360","2012","SURVIVAL HORROR","","",""
"JOURNEY","PLAYSTATION 3","2012","ADVENTURE","","",""
"WII SPORTS RESORT","WII U","2012","PLATAFORMA","","",""
"MARIO PARTY 9","WII","2012","PARTY GAME","","",""
"TEKKEN TAG TOURNAMENT 2","XBOX 360","2012","LUTA","","",""
"STREET FIGHTER X TEKKEN","XBOX 360","2012","LUTA","","",""
"TWISTED METAL (2012)","PLAYSTATION 3","2012","COMBATE DE VEÍCULOS","","",""
"TEKKEN REVOLUTION","PLAYSTATION 3","2013","LUTA","","",""
"SUPER MARIO 3D WORLD","WII U","2013","PLATAFORMA","","",""
"THE LEGEND OF ZELDA: A LINK BETWEEN WORLDS","NINTENDO 3DS","2013","AÇÃO","","",""
"CALL OF DUTY: GHOSTS","STEAM/PC","2013","FPS","","",""
"TEENAGE MUTANT NINJA TURTLES: OUT OF THE SHADOWS","STEAM/PC","2013","AÇÃO","","",""
"CASTLE OF ILLUSION (2013)","STEAM/PC","2013","PLATAFORMA","","",""
"SAINT SEIYA: BRAVE SOLDIERS","PLAYSTATION 3","2013","LUTA","","",""
"PAYDAY 2","STEAM/PC","2013","FPS","","",""
"FORZA MOTORSPORT 5","XBOX ONE","2013","CORRIDA","","",""
"REGULAR SHOW: MORDECAI AND RIGBY IN 8-BIT LAND","NINTENDO 3DS","2013","SHOOT 'EM UP","","",""
"WORMS CLAN WARS","STEAM/PC","2013","ESTRATÉGIA","","",""
"DUCKTALES: REMASTERED","STEAM/PC","2013","PLATAFORMA","","",""
"NEED FOR SPEED RIVALS","STEAM/PC","2013","CORRIDA","","",""
"CASTLEVANIA: LORDS OF SHADOW - MIRROR OF FATE","XBOX 360","2013","AÇÃO","","",""
"COUNTER-STRIKE ONLINE 2","STEAM/PC","2013","FPS","","",""
"GRAND THEFT AUTO V","STEAM/PC","2013","MUNDO ABERTO","","",""
"BIOSHOCK INFINITE","STEAM/PC","2013","FPS","","",""
"COMPANY OF HEROES 2","STEAM/PC","2013","GUERRA","","",""
"DR. LUIGI","WII U","2013","PLATAFORMA","","",""
"LUIGI'S MANSION: DARK MOON","NINTENDO 3DS","2013","PLATAFORMA","","",""
"YOSHI'S NEW ISLAND","NINTENDO 3DS","2013","PLATAFORMA","","",""
"ASSASSIN'S CREED IV: BLACK FLAG","STEAM/PC","2013","AÇÃO","","",""
"PUPPETEER","PLAYSTATION 3","2013","PLATAFORMA","","",""
"GAME DEV TYCOON","STEAM/PC","2013","SIMULAÇÃO","JOGANDO","",""
"PROJECT ZOMBOID","STEAM/PC","2013","SURVIVAL HORROR","","",""
"GRID 2","STEAM/PC","2013","CORRIDA","","",""
"BEYOND: TWO SOULS","PLAYSTATION 3","2013","ADVENTURE","","",""
"TOMB RAIDER (2013)","STEAM/PC","2013","AÇÃO","","",""
"INJUSTICE: GODS AMONG US","STEAM/PC","2013","LUTA","","",""
"OUTLAST 2","STEAM/PC","2013","TERROR","","",""
"GOD OF WAR: ASCENSION","PLAYSTATION 3","2013","AÇÃO","","",""
"SONIC DASH","STEAM/PC","2013","PLATAFORMA","","",""
"BATTLEFIELD 4","STEAM/PC","2013","GUERRA","","",""
"GRAN TURISMO 6","PLAYSTATION 3","2013","CORRIDA","","",""
"SONIC LOST WORLD","STEAM/PC","2013","PLATAFORMA","","",""
"SIMCITY 2013","STEAM/PC","2013","CITY BUILDING","","",""
"SPELUNKY","STEAM/PC","2013","PLATAFORMA","","",""
"ADVENTURE TIME: EXPLORE THE DUNGEON BECAUSE I DON'T KNOW!","XBOX 360","2013","AÇÃO","","",""
"SPONGEBOB SQUAREPANTS: PLANKTON'S ROBOTIC REVENGE","PLAYSTATION 3","2013","AÇÃO","","",""
"SAINTS ROW IV","STEAM/PC","2013","MUNDO ABERTO","","",""
"MARIO & SONIC AT THE SOCHI 2014 OLYMPIC WINTER GAMES","WII U","2013","ESPORTE","","",""
"THE LAST OF US","STEAM/PC","2013","AÇÃO","","",""
"EA SPORTS UFC","XBOX ONE","2014","LUTA","","",""
"CASTLEVANIA: LORDS OF SHADOW 2","STEAM/PC","2014","AÇÃO","","",""
"FORZA HORIZON 2","XBOX ONE","2014","CORRIDA","","",""
"WOLFENSTEIN: THE NEW ORDER","STEAM/PC","2014","FPS","","",""
"HYRULE WARRIORS","WII U","2014","HACK AND SLASH","","",""
"FAR CRY 4","STEAM/PC","2014","FPS","","",""
"ALIEN: ISOLATION","STEAM/PC","2014","SURVIVAL HORROR","","",""
"DRAGON BALL BATLE OF Z","PS VITA","2014","LUTA","","",""
"DRAGON AGE: INQUISITION","STEAM/PC","2014","ACTION RPG","","",""
"TEENAGE MUTANT NINJA TURTLES: DANGER OF THE OOZE","PLAYSTATION 3","2014","AÇÃO","","",""
"ADVENTURE TIME: FINN AND JAKE'S EPIC QUEST","STEAM/PC","2014","AÇÃO","","",""
"ADVENTURE TIME: THE SECRET OF THE NAMELESS KINGDOM","STEAM/PC","2014","AÇÃO","","",""
"ASSASSIN'S CREED ROGUE","PLAYSTATION 3","2014","AÇÃO","","",""
"ASSASSIN'S CREED UNITY","STEAM/PC","2014","AÇÃO","","",""
"ULTRA STREET FIGHER IV","STEAM/PC","2014","LUTA","","",""
"MARIO KART 8","WII U","2014","CORRIDA","","",""
"LARA CROFT AND THE TEMPLE OF OSIRIS","STEAM/PC","2014","SHOOT 'EM UP","","",""
"COUNTER-STRIKE NEXON: ZOMBIES","STEAM/PC","2014","FPS","","",""
"SID MEIER'S CIVILIZATION: BEYOND EARTH","STEAM/PC","2014","ESTRATÉGIA","","",""
"TROPICO 5","STEAM/PC","2014","SIMULAÇÃO","","",""
"RISE OF NATIONS: EXTENDED EDITION","STEAM/PC","2014","ESTRATÉGIA","","",""
"FREEDOM PLANET","STEAM/PC","2014","PLATAFORMA","","",""
"CALL OF DUTY: ADVANCED WARFARE","STEAM/PC","2014","FPS","","",""
"SHOVEL KNIGHT: TREASURE TROVE","STEAM/PC","2014","PLATAFORMA","","",""
"SOULCALIBUR: LOST SWORDS","PLAYSTATION 3","2014","LUTA","","",""
"MIDDLE-EARTH: SHADOW OF MORDOR","STEAM/PC","2014","MUNDO ABERTO","","",""
"OVERCAST - WALDEN AND THE WEREWOLF","STEAM/PC","2014","TERROR","","",""
"EL CHAVO KART","XBOX 360","2014","CORRIDA","","",""
"THE EVIL WITHIN","STEAM/PC","2014","FPS","","",""
"UNEARTHED: TRAIL OF IBN BATTUTA","STEAM/PC","2014","AÇÃO","","",""
"HERO SIEGE","STEAM/PC","2014","ACTION RPG","","",""
"SILENT HILLS","PLAYSTATION 4","2014","SURVIVAL HORROR","","",""
"2014 FIFA WORLD CUP BRAZIL","XBOX 360","2014","ESPORTE","","",""
"METRO 2033 REDUX","STEAM/PC","2014","FPS","","",""
"SONIC JUMP FEVER","STEAM/PC","2014","PLATAFORMA","","",""
"SLEEPING DOGS","STEAM/PC","2014","MUNDO ABERTO","","",""
"THE SIMS 4","STEAM/PC","2014","SIMULAÇÃO","","",""
"INFAMOUS: SECOND SON","PLAYSTATION 4","2014","AÇÃO","","",""
"INFAMOUS: FIRST LIGHT","PLAYSTATION 4","2014","AÇÃO","","",""
"THE AMAZING SPIDER-MAN 2","STEAM/PC","2014","AÇÃO","","",""
"SUPER SMASH BROS. FOR WII U","WII U","2014","LUTA","","",""
"XEODRIFTER","STEAM/PC","2014","METROIDVANIA","","",""
"DONKEY KONG COUNTRY: TROPICAL FREEZE","WII U","2014","PLATAFORMA","","",""
"DARK SOULS II","STEAM/PC","2014","RPG","","",""
"ASSASSIN'S CREED CHRONICLES: CHINA","STEAM/PC","2015","STEALTH","","",""
"ASSASSIN'S CREED SYNDICATE","STEAM/PC","2015","AÇÃO","","",""
"CALL OF DUTY: BLACK OPS III","STEAM/PC","2015","FPS","","",""
"DRAGON BALL XENOVERSE","STEAM/PC","2015","LUTA","","",""
"TITAN SOULS","STEAM/PC","2015","METROIDVANIA","","",""
"LARA CROFT GO","STEAM/PC","2015","PUZZLE","","",""
"ADVENTURE TIME: MAGIC MAN'S HEAD GAMES","STEAM/PC","2015","AÇÃO","","",""
"LIFE IS STRANGE","STEAM/PC","2015","ADVENTURE","","",""
"ROCKET LEAGUE","STEAM/PC","2015","ESPORTE","","",""
"TONY HAWK'S PRO SKATER 5","PLAYSTATION 4","2015","ESPORTE","","",""
"METAL SLUG DEFENSE","STEAM/PC","2015","SHOOT 'EM UP","","",""
"MARIO PARTY 10","WII U","2015","PARTY GAME","","",""
"MORTAL KOMBAT X","STEAM/PC","2015","LUTA","","",""
"YOSHI'S WOOLLY WORLD","WII U","2015","PLATAFORMA","","",""
"ODALLUS: THE DARK CALL","STEAM/PC","2015","METROIDVANIA","","",""
"BEAMNG.DRIVE","STEAM/PC","2015","SIMULAÇÃO","","",""
"SUPER MARIO MAKER","WII U","2015","PLATAFORMA","","",""
"FORZA MOTORSPORT 6","XBOX ONE","2015","CORRIDA","","",""
"BADLAND","STEAM/PC","2015","AÇÃO","","",""
"WOLFENSTEIN: THE OLD BLOOD","STEAM/PC","2015","FPS","","",""
"BATTLEFIELD HARDLINE","STEAM/PC","2015","FPS","","",""
"MARIO TENNIS ULTRA SMASH","WII U","2015","ESPORTE","","",""
"FALLOUT 4","STEAM/PC","2015","ACTION RPG","","",""
"SPONGEBOB HEROPANTS","XBOX 360","2015","AÇÃO","","",""
"NEED FOR SPEED (2015)","STEAM/PC","2015","CORRIDA","","",""
"SAINTS ROW: GAT OUT OF HELL","STEAM/PC","2015","MUNDO ABERTO","","",""
"UNDERTALE","STEAM/PC","2015","RPG","","",""
"BATMAN: ARKHAM KNIGHT","STEAM/PC","2015","AÇÃO","","",""
"THE WITCHER 3: WILD HUNT","STEAM/PC","2015","RPG","","",""
"BLOODBORNE","PLAYSTATION 4","2015","RPG","","",""
"CHROMA SQUAD","STEAM/PC","2015","RPG","","",""
"SAINT SEIYA: SOLDIERS' SOUL","STEAM/PC","2015","LUTA","","",""
"THE LAST NIGHTMARY - A LENDA DO CABEÇA DE CUIA","STEAM/PC","2015","TERROR","","",""
"STREET FIGHTER V","STEAM/PC","2016","LUTA","","",""
"99VIDAS","STEAM/PC","2016","BEAT 'EM UP","","",""
"PAPER MARIO: COLOR SPLASH","WII U","2016","AÇÃO","","",""
"ASSASSIN'S CREED CHRONICLES: INDIA","STEAM/PC","2016","STEALTH","","",""
"ASSASSIN'S CREED CHRONICLES: RUSSIA","STEAM/PC","2016","STEALTH","","",""
"RISE OF THE TOMB RAIDER","STEAM/PC","2016","AÇÃO","","",""
"CALL OF DUTY: INFINITE WARFARE","STEAM/PC","2016","FPS","","",""
"ORCS","STEAM/PC","2016","PLATAFORMA","","",""
"DISHONORED 2","STEAM/PC","2016","STEALTH","","",""
"WORMS W.M.D","STEAM/PC","2016","ESTRATÉGIA","","",""
"THE WITNESS","STEAM/PC","2016","PUZZLE","","",""
"AM2R - RETURN OF SAMUS","STEAM/PC","2016","AÇÃO","","",""
"OVERWATCH","STEAM/PC","2016","FPS","","",""
"RECURSED","STEAM/PC","2016","PUZZLE","","",""
"MOTHER RUSSIA BLEEDS","STEAM/PC","2016","BEAT 'EM UP","","",""
"WONDER BOY RETURNS","STEAM/PC","2016","PLATAFORMA","","",""
"THE LAST GUARDIAN","PLAYSTATION 4","2016","AÇÃO","","",""
"FINAL FANTASY XV","XBOX ONE","2016","RPG","","",""
"FORZA HORIZON 3","XBOX ONE","2016","CORRIDA","","",""
"SID MEIER'S CIVILIZATION VI","STEAM/PC","2016","ESTRATÉGIA","","",""
"DUKE NUKEM 3D: 20TH ANNIVERSARY WORLD TOUR","STEAM/PC","2016","FPS","","",""
"FAR CRY PRIMAL","STEAM/PC","2016","FPS","","",""
"BATTLEFIELD 1","STEAM/PC","2016","GUERRA","","",""
"STARDEW VALLEY","STEAM/PC","2016","RPG","","",""
"CARTOON NETWORK: BATTLE CRASHERS","PLAYSTATION 4","2016","BEAT 'EM UP","","",""
"MARIO & SONIC AT THE OLYMPIC GAMES","ARCADE","2016","ESPORTE","","",""
"DOOM (2016)","STEAM/PC","2016","FPS","","",""
"INSIDE","STEAM/PC","2016","PUZZLE","","",""
"TEENAGE MUTTANT NINJA TURTLES: MUTANTS IN MANHATTAN","STEAM/PC","2016","HACK AND SLASH","","",""
"EA SPORTS UFC 2","XBOX ONE","2016","LUTA","","",""
"DRAGON BALL XENOVERSE 2","STEAM/PC","2016","LUTA","","",""
"SATELLITE RUSH","STEAM/PC","2016","SHOOT 'EM UP","","",""
"OUT THERE SOMEWHERE","STEAM/PC","2016","PLATAFORMA","","",""
"A BOY AND HIS BLOB","STEAM/PC","2016","PUZZLE","","",""
"DARK SOULS III","STEAM/PC","2016","RPG","","",""
"SHINY","STEAM/PC","2016","PLATAFORMA","","",""
"UNCHARTED 4: A THIEF'S END","PLAYSTATION 4","2016","AÇÃO","","",""
"ULTRA STREET FIGHTER II: THE FINAL CHALLENGERS","SWITCH","2017","LUTA","","",""
"WONDER BOY: THE DRAGON'S TRAP","STEAM/PC","2017","PLATAFORMA","","",""
"LITTLE NIGHTMARES","STEAM/PC","2017","TERROR","","",""
"TEKKEN 7","STEAM/PC","2017","CORRIDA","","",""
"WOLFENSTEIN II: THE NEW COLOSSUS","STEAM/PC","2017","FPS","","",""
"HORIZON ZERO DAWN","PLAYSTATION 4","2017","RPG","","",""
"CALL OF DUTY: WWII","STEAM/PC","2017","FPS","","",""
"QUAKE CHAMPIONS","STEAM/PC","2017","FPS","","",""
"BRAWLHALLA","STEAM/PC","2017","LUTA","","",""
"ASSASSIN'S CREED ORIGINS","STEAM/PC","2017","AÇÃO","","",""
"HOLLOW KNIGHT","STEAM/PC","2017","METROIDVANIA","","",""
"BLACK THE FALL","STEAM/PC","2017","AÇÃO","","",""
"RESIDENT EVIL 6: BIOHAZARD","STEAM/PC","2017","SURVIVAL HORROR","","",""
"FORZA MOTORSPORT 7","XBOX ONE","2017","CORRIDA","","",""
"MARIO KART 8 DELUXE","SWITCH","2017","CORRIDA","","",""
"WELLS","STEAM/PC","2017","","","",""
"POOCHY & YOSHI'S WOOLY WORLD","NINTENDO 3DS","2017","PLATAFORMA","","",""
"ELIOSI'S HUNT","STEAM/PC","2017","AÇÃO","","",""
"CAT QUEST","STEAM/PC","2017","ACTION RPG","","",""
"DECEIT","STEAM/PC","2017","TERROR","","",""
"THE KING OF FIGHTERS XIV","STEAM/PC","2017","LUTA","","",""
"NEED FOR SPEED PAYBACK","STEAM/PC","2017","CORRIDA","","",""
"NIER: AUTOMATA","STEAM/PC","2017","ACTION RPG","","",""
"NEED FOR SPEED: EDGE","STEAM/PC","2017","CORRIDA","","",""
"BUBSY: THE WOOLIES STRIKE BACK","STEAM/PC","2017","PLATAFORMA","","",""
"GRAN TURISMO SPORT","PLAYSTATION 4","2017","CORRIDA","","",""
"SONIC FORCES","STEAM/PC","2017","PLATAFORMA","","",""
"MADCAP CASTLE","STEAM/PC","2017","PUZZLE","","",""
"CARS 3: DRIVEN TO WIN","PLAYSTATION 3","2017","CORRIDA","","",""
"OUTLAST 2","STEAM/PC","2017","TERROR","","",""
"LEGEND OF THE SKYFISH","STEAM/PC","2017","PUZZLE","","",""
"KAUTIC - THE BALD WIZARD","STEAM/PC","2017","PLATAFORMA","","",""
"QUEEN OF SEAS","STEAM/PC","2017","PLATAFORMA","","",""
"SUPER MARIO ODYSSEY","SWITCH","2017","PLATAFORMA","","",""
"THE LEGEND OF ZELDA: BREATH OF THE WILD","SWITCH","2017","RPG","","",""
"SONIC MANIA","STEAM/PC","2017","PLATAFORMA","","",""
"UNCHARTED: THE LOST LEGACY","PLAYSTATION 4","2017","AÇÃO","","",""
"MEGA MAN 11","STEAM/PC","2018","PLATAFORMA","","",""
"QUEEN OF SEAS 2","STEAM/PC","2018","PLATAFORMA","","",""
"GRIS","STEAM/PC","2018","PLATAFORMA","","",""
"GOD OF WAR (2018)","STEAM/PC","2018","AÇÃO","","",""
"CALL OF DUTY: BLACK OPS 4","STEAM/PC","2018","FPS","","",""
"EA SPORTS UFC 3","XBOX ONE","2018","LUTA","","",""
"SUPER MARIO PARTY","SWITCH","2018","PARTY GAME","","",""
"FE","STEAM/PC","2018","PUZZLE","","",""
"FAR CRY 5","STEAM/PC","2018","FPS","","",""
"ADVENTURE TIME: PIRATES OF THE ENCHIRIDION","STEAM/PC","2018","RPG","","",""
"FALLOUT 76","STEAM/PC","2018","ACTION RPG","","",""
"BATTLEFIELD V","STEAM/PC","2018","GUERRA","","",""
"SHADOW OF THE TOMB RAIDER","STEAM/PC","2018","AÇÃO","","",""
"CELESTE","STEAM/PC","2018","PLATAFORMA","","",""
"SOULCALIBUR VI","STEAM/PC","2018","LUTA","","",""
"ASSASSIN'S CREED ODYSSEY","STEAM/PC","2018","AÇÃO","","",""
"BLOONS TD 6","STEAM/PC","2018","TOWER DEFENSE","","",""
"SONIC MANIA PLUS","STEAM/PC","2018","PLATAFORMA","","",""
"MONSTER BOY AND THE CURSED KINGDOWN","STEAM/PC","2018","PLATAFORMA","","",""
"FORZA HORIZON 4","STEAM/PC","2018","CORRIDA","","",""
"KINGDOM COME: DELIVERANCE","STEAM/PC","2018","RPG","","",""
"BLOONS ADVENTURE TIME TD","STEAM/PC","2018","TOWER DEFENSE","","",""
"RED DEAD REDEMPTION 2","STEAM/PC","2018","MUNDO ABERTO","","",""
"SUPER SMASH BROS. ULTIMATE","SWITCH","2018","LUTA","","",""
"MARIO TENNIS ACES","SWITCH","2018","ESPORTE","","",""
"KIRBY STAR ALLIES","SWITCH","2018","PLATAFORMA","","",""
"AGGELOS","STEAM/PC","2018","METROIDVANIA","","",""
"TIMESPINNER","STEAM/PC","2018","METROIDVANIA","","",""
"DEATH'S GAMBIT: AFTERLIFE","STEAM/PC","2018","METROIDVANIA","","",""
"OLYMPIC GAMES TOKYO 2020 - THE OFFICIAL VIDEO GAME","PLAYSTATION 4","2019","ESPORTE","","",""
"SEKIRO: SHADOWS DIE TWICE","STEAM/PC","2019","RPG","","",""
"DISCO ELYSIUM: THE FINAL CUT","STEAM/PC","2019","RPG","","",""
"CAT QUEST 2","STEAM/PC","2019","ACTION RPG","","",""
"NEED FOR SPEED HEAT","STEAM/PC","2019","CORRIDA","","",""
"BUBSY: PAWS ON FIRE","STEAM/PC","2019","PLATAFORMA","","",""
"CADENCE OF HYRULE: CRYPT OF THE NECRODANCER FEATURING THE LEGEND OF ZELDA","SWITCH","2019","RITMO","","",""
"QUAKE II RTX","STEAM/PC","2019","FPS","","",""
"FAR CRY NEW DAWN","STEAM/PC","2019","FPS","","",""
"DEAD OR ALIVE 6","STEAM/PC","2019","LUTA","","",""
"LUIGI'S MANSION 3","SWITCH","2019","PLATAFORMA","","",""
"OUTER WILDS","STEAM/PC","2019","AÇÃO","","",""
"WOLFENSTEIN: YOUNGBLOOD","STEAM/PC","2019","FPS","","",""
"WOLFENSTEIN: CYBERPILOT","STEAM/PC","2019","FPS","","",""
"BIOLAB WARS","STEAM/PC","2019","PLATAFORMA","","",""
"YOSHI'S CRAFTED WORLD","SWITCH","2019","PLATAFORMA","","",""
"BLOODSTAINED: RITUAL OF THE NIGHT","STEAM/PC","2019","METROIDVANIA","","",""
"DEMON'S TILT","STEAM/PC","2019","PINBALL","","",""
"TROPICO 6","STEAM/PC","2019","SIMULAÇÃO","","",""
"TEAM KIRBY CLASH DELUXE","SWITCH","2019","LUTA","","",""
"CRASH TEAM RACING NITRO-FUELED","XBOX ONE","2019","CORRIDA","","",""
"KATANA ZERO","STEAM/PC","2019","HACK AND SLASH","","",""
"ZUEIRAMA","STEAM/PC","2019","PLATAFORMA","","",""
"MARIO AND SONIC AT THE TOKYO OLYMPIC GAMES","SWITCH","2019","ESPORTE","","",""
"MICRO MAGES","STEAM/PC","2019","PLATAFORMA","","",""
"TEAM SONIC RACING","STEAM/PC","2019","PLATAFORMA","","",""
"SUPER MARIO MAKER 2","SWITCH","2019","PLATAFORMA","","",""
"MORTAL KOMBAT 11","STEAM/PC","2019","LUTA","","",""
"DRAGON BALL Z KAKAROT","STEAM/PC","2020","LUTA","","",""
"ORI AND THE WILL OF THE WISPS","STEAM/PC","2020","METROIDVANIA","","",""
"THE LAST OF US PART II","PLAYSTATION 4","2020","AÇÃO","","",""
"HYRULE WARRIORS: AGE OF CALAMITY","SWITCH","2020","HACK AND SLASH","","",""
"AO TENNIS 2","STEAM/PC","2020","ESPORTE","","",""
"WORMS RUMBLE","STEAM/PC","2020","AÇÃO","","",""
"HADES","STEAM/PC","2020","HACK AND SLASH","","",""
"PAPRIUM","STEAM/PC","2000","BEAT 'EM UP","","",""
"CALL OF DUTY: BLACK OPS COLD WAR","STEAM/PC","2020","FPS","","",""
"BESIEGE","STEAM/PC","2020","SIMULAÇÃO","","",""
"ANIMAL CROSSING: NEW HORIZONS","SWITCH","2020","SIMULAÇÃO","","",""
"DOOM ETERNAL","STEAM/PC","2020","FPS","","",""
"STREET FIGHTER V: CHAMPION EDITION","STEAM/PC","2020","LUTA","","",""
"ADVENTURE LHAMA","STEAM/PC","2020","PLATAFORMA","","",""
"ASSASSIN'S CREED VALHALLA","STEAM/PC","2020","AÇÃO","","",""
"TONY HAWK'S PRO SKATER 1 + 2","STEAM/PC","2020","ESPORTE","","",""
"KIRBY FIGHTERS 2","SWITCH","2020","LUTA","","",""
"EA SPORTS UFC 4","XBOX ONE","2020","LUTA","","",""
"PAPER MARIO: THE ORIGAMI KING","SWITCH","2020","RPG","","",""
"ADORE","STEAM/PC","2020","RPG","","",""
"IMPLEMENTS OF HELL","STEAM/PC","2021","TERROR","","",""
"CRASH BANDICOOT 4: IT'S ABOUT TIME","STEAM/PC","2021","PLATAFORMA","","",""
"CALL OF DUTY: VANGUARD","STEAM/PC","2021","FPS","","",""
"MARIO GOLF: SUPER RUSH","SWITCH","2021","ESPORTE","","",""
"ANNALYNN","STEAM/PC","2021","PLATAFORMA","","",""
"FAR CRY 6","STEAM/PC","2021","FPS","","",""
"ASTALON: TEARS OF THE EARTH","STEAM/PC","2021","METROIDVANIA","","",""
"IT TAKES TWO","STEAM/PC","2021","AÇÃO","","",""
"BATTLEFIELD 2042","STEAM/PC","2021","GUERRA","","",""
"WONDER BOY: ASHA IN MONSTER WORLD","STEAM/PC","2021","PLATAFORMA","","",""
"VIRTUA FIGHTER 5: ULTIMATE SHOWDOWN","PLAYSTATION 4","2021","LUTA","","",""
"ALEX KIDD IN MIRACLE WORLD DX","STEAM/PC","2021","PLATAFORMA","","",""
"FORZA HORIZON 5","STEAM/PC","2021","CORRIDA","","",""
"SONIC COLORS ULTIMATE","STEAM/PC","2021","PLATAFORMA","","",""
"MARIO PARTY SUPERSTARS","SWITCH","2021","PARTY GAME","","",""
"BOWSER'S FURY","SWITCH","2021","PLATAFORMA","","",""
"TEOCIDA","STEAM/PC","2021","PUZZLE","","",""
"ELDEN RING","STEAM/PC","2022","RPG","","",""
"INFERNAX","STEAM/PC","2022","METROIDVANIA","","",""
"GRAN TURISMO 7","PLAYSTATION 5","2022","CORRIDA","","",""
"THE MACHINE","GAME BOY","2022","AVENTURA","","",""
"PERSONA 5","STEAM/PC","2022","RPG","","",""
"AZAR","STEAM/PC","2022","AÇÃO","","",""
"THE KING OF FIGHTERS XV","STEAM/PC","2022","LUTA","","",""
"PIXEL CUP SOCCER","STEAM/PC","2022","ESPORTE","","",""
"NEED FOR SPEED UNBOUND","STEAM/PC","2022","CORRIDA","","",""
"FINAL VENDETTA","STEAM/PC","2022","BEAT 'EM UP","","",""
"KIRBY AND THE FORGOTTEN LAND","SWITCH","2022","PLATAFORMA","","",""
"KIRBY'S DREAM BUFFET","SWITCH","2022","PARTY GAME","","",""
"TEENAGE MUTANT NINJA TURTLES: SHREDDER'S REVENGE","STEAM/PC","2022","BEAT 'EM UP","","",""
"SONIC FRONTIERS","STEAM/PC","2022","PLATAFORMA","","",""
"GOD OF WAR RAGNARÖK","STEAM/PC","2022","AÇÃO","","",""
"PIZZA TOWER","STEAM/PC","2023","PLATAFORMA","","",""
"DIABLO IV","STEAM/PC","2023","RPG","","",""
"XENOTILT: HOSTILE PINBALL ACTION","STEAM/PC","2023","PINBALL","","",""
"EA SPORTS UFC 5","XBOX SERIES X","2023","LUTA","","",""
"QUAKE II (2023)","STEAM/PC","2023","FPS","","",""
"ASSASSIN'S CREED MIRAGE","STEAM/PC","2023","AÇÃO","","",""
"BALDUR'S GATE 3","STEAM/PC","2023","RPG","","",""
"ALAN WAKE II","STEAM/PC","2023","SURVIVAL HORROR","","",""
"FORZA MOTORSPORT (2023)","STEAM/PC","2023","CORRIDA","","",""
"FINAL FANTASY XVI","PLAYSTATION 5","2023","RPG","","",""
"STREET FIGHTER 6","STEAM/PC","2023","LUTA","","",""
"COUNTER-STRIKE 2","STEAM/PC","2023","FPS","","",""
"THE LEGEND OF ZELDA: TEARS OF THE KINGDOM","SWITCH","2023","RPG","","",""
"ASTRO BOT","PLAYSTATION 5","2024","PLATAFORMA","","",""
"ASSASSIN'S CREED SHADOWS","STEAM/PC","2024","AÇÃO","","",""
"CALL OF DUTY: BLACK OPS 6","STEAM/PC","2024","FPS","","",""
"INDIANA JONES E O GRANDE CÍRCULO","STEAM/PC","2024","FPS","","",""
"CAT QUEST 3","STEAM/PC","2024","ACTION RPG","","",""
"ANIMAL WELL","STEAM/PC","2024","METROIDVANIA","","",""
"PRINCE OF PERSIA: THE LOST CROWN","STEAM/PC","2024","METROIDVANIA","","",""
"POWER RANGERS: RITA'S REWIND","STEAM/PC","2024","BEAT 'EM UP","","",""
"TEENAGE MUTANT NINJA TURTLES: THE LAST RONIN","STEAM/PC","2024","BEAT 'EM UP","","",""
"TERMINATOR D2: NO FATE","STEAM/PC","2025","AÇÃO","","",""
"SID MEIER'S CIVILIZATION VII","STEAM/PC","2025","ESTRATÉGIA","","",""
"CALL OF DUTY: BLACK OPS 7","STEAM/PC","2025","FPS","","",""
"DOOM: THE DARK AGES","STEAM/PC","2025","FPS","","",""
"KINGDOM COME: DELIVERANCE II","STEAM/PC","2025","RPG","","",""
"CLAIR OBSCUR: EXPEDITION 33","STEAM/PC","2025","RPG","","",""
"CRIMSON DESERT","STEAM/PC","2025","AÇÃO","","",""
"CHRONICLES OF THE WOLF","STEAM/PC","2025","AÇÃO","","",""
"AVIÃOZINHO DO TRÁFICO 3:ABRI UM PORTAL PRO INFERNO NA FAVELA TENTANDO REVIVER MIT AIA E PRECISO FECHAR","STEAM/PC","2025","FPS","","",""
